-- All insertions in order. Dump to database
INSERT INTO countries (id, language_id, country_en, country_native, language_en, language_native) VALUES (1, 'en', 'England', 'England', 'English', 'English');
INSERT INTO countries (id, language_id, country_en, country_native, language_en, language_native) VALUES (2, 'fi', 'Finland', 'Suomi', 'Finnish', 'Suomeksi');

INSERT INTO radicals(id,radical,reading,stroke_count) VALUES (1,'⼀','いち',1);
INSERT INTO radicals(id,radical,reading,stroke_count) VALUES (2,'⼁','たてぼう',1);
INSERT INTO radicals(id,radical,reading,stroke_count) VALUES (3,'⼂','てん',1);
INSERT INTO radicals(id,radical,reading,stroke_count) VALUES (4,'⼃','の',1);
INSERT INTO radicals(id,radical,reading,stroke_count) VALUES (5,'⼄','おつ',1);
INSERT INTO radicals(id,radical,reading,stroke_count) VALUES (6,'⺃','おつ',1);
INSERT INTO radicals(id,radical,reading,stroke_count) VALUES (7,'⼆','に',2);
INSERT INTO radicals(id,radical,reading,stroke_count) VALUES (8,'⼇','なべぶた',2);
INSERT INTO radicals(id,radical,reading,stroke_count) VALUES (9,'⼈','ひと',2);
INSERT INTO radicals(id,radical,reading,stroke_count) VALUES (10,'𠆢','ひとやね',2);
INSERT INTO radicals(id,radical,reading,stroke_count) VALUES (11,'⼉','ひとあし',2);
INSERT INTO radicals(id,radical,reading,stroke_count) VALUES (12,'⼊','いる',2);
INSERT INTO radicals(id,radical,reading,stroke_count) VALUES (13,'⼋','はち',2);
INSERT INTO radicals(id,radical,reading,stroke_count) VALUES (14,'⼌','けいがまえ',2);
INSERT INTO radicals(id,radical,reading,stroke_count) VALUES (15,'⼍','わかんむり',2);
INSERT INTO radicals(id,radical,reading,stroke_count) VALUES (16,'⼎','にすい',2);
INSERT INTO radicals(id,radical,reading,stroke_count) VALUES (17,'⼏','きにょう',2);
INSERT INTO radicals(id,radical,reading,stroke_count) VALUES (18,'⺇','かぜかんむり',2);
INSERT INTO radicals(id,radical,reading,stroke_count) VALUES (19,'⼐','かんにょう',2);
INSERT INTO radicals(id,radical,reading,stroke_count) VALUES (20,'⼑','かたな',2);
INSERT INTO radicals(id,radical,reading,stroke_count) VALUES (21,'⺉','りっとう',2);
INSERT INTO radicals(id,radical,reading,stroke_count) VALUES (22,'⼒','ちから',2);
INSERT INTO radicals(id,radical,reading,stroke_count) VALUES (23,'⼓','つつみがまえ',2);
INSERT INTO radicals(id,radical,reading,stroke_count) VALUES (24,'⼔','さじ',2);
INSERT INTO radicals(id,radical,reading,stroke_count) VALUES (25,'⼕','はこがまえ',2);
INSERT INTO radicals(id,radical,reading,stroke_count) VALUES (26,'⼖','かくしがまえ',2);
INSERT INTO radicals(id,radical,reading,stroke_count) VALUES (27,'⼗','じゅう',2);
INSERT INTO radicals(id,radical,reading,stroke_count) VALUES (28,'⼘','ぼく',2);
INSERT INTO radicals(id,radical,reading,stroke_count) VALUES (29,'⼙','ふしづくり',2);
INSERT INTO radicals(id,radical,reading,stroke_count) VALUES (30,'⼚','がんだれ',2);
INSERT INTO radicals(id,radical,reading,stroke_count) VALUES (31,'⼛','む',2);
INSERT INTO radicals(id,radical,reading,stroke_count) VALUES (32,'⼜','また',2);
INSERT INTO radicals(id,radical,reading,stroke_count) VALUES (33,'⼝','くち',3);
INSERT INTO radicals(id,radical,reading,stroke_count) VALUES (34,'⼞','くにがまえ',3);
INSERT INTO radicals(id,radical,reading,stroke_count) VALUES (35,'⼟','つち',3);
INSERT INTO radicals(id,radical,reading,stroke_count) VALUES (36,'⼠','さむらい',3);
INSERT INTO radicals(id,radical,reading,stroke_count) VALUES (37,'⼡','のまた',3);
INSERT INTO radicals(id,radical,reading,stroke_count) VALUES (38,'⼢','なつあし',3);
INSERT INTO radicals(id,radical,reading,stroke_count) VALUES (39,'⼣','ゆうべ',3);
INSERT INTO radicals(id,radical,reading,stroke_count) VALUES (40,'⼤','だい',3);
INSERT INTO radicals(id,radical,reading,stroke_count) VALUES (41,'⼥','おんな',3);
INSERT INTO radicals(id,radical,reading,stroke_count) VALUES (42,'⼦','こ',3);
INSERT INTO radicals(id,radical,reading,stroke_count) VALUES (43,'⼧','うかんむり',3);
INSERT INTO radicals(id,radical,reading,stroke_count) VALUES (44,'⼨','すん',3);
INSERT INTO radicals(id,radical,reading,stroke_count) VALUES (45,'⼩','しょう',3);
INSERT INTO radicals(id,radical,reading,stroke_count) VALUES (46,'⺌','しょうかんむり',3);
INSERT INTO radicals(id,radical,reading,stroke_count) VALUES (47,'⺐','だいのまげあし',3);
INSERT INTO radicals(id,radical,reading,stroke_count) VALUES (48,'⼫','しかばね',3);
INSERT INTO radicals(id,radical,reading,stroke_count) VALUES (49,'⼬','くさのめ',3);
INSERT INTO radicals(id,radical,reading,stroke_count) VALUES (50,'⼭','やま',3);
INSERT INTO radicals(id,radical,reading,stroke_count) VALUES (51,'⼮','まがりがわ',3);
INSERT INTO radicals(id,radical,reading,stroke_count) VALUES (52,'川','さんぼんがわ',3);
INSERT INTO radicals(id,radical,reading,stroke_count) VALUES (53,'⼯','たくみ',3);
INSERT INTO radicals(id,radical,reading,stroke_count) VALUES (54,'⼰','おのれ',3);
INSERT INTO radicals(id,radical,reading,stroke_count) VALUES (55,'⼱','はば',3);
INSERT INTO radicals(id,radical,reading,stroke_count) VALUES (56,'⼲','かん',3);
INSERT INTO radicals(id,radical,reading,stroke_count) VALUES (57,'⺓','いとがしら',3);
INSERT INTO radicals(id,radical,reading,stroke_count) VALUES (58,'⼴','まだれ',3);
INSERT INTO radicals(id,radical,reading,stroke_count) VALUES (59,'⼵','えんにょう',3);
INSERT INTO radicals(id,radical,reading,stroke_count) VALUES (60,'⼶','にじゅうあし',3);
INSERT INTO radicals(id,radical,reading,stroke_count) VALUES (61,'⼷','いぐるみ',3);
INSERT INTO radicals(id,radical,reading,stroke_count) VALUES (62,'⼸','ゆみ',3);
INSERT INTO radicals(id,radical,reading,stroke_count) VALUES (63,'⼹','けいがしら',3);
INSERT INTO radicals(id,radical,reading,stroke_count) VALUES (64,'⺕','けいがしら',3);
INSERT INTO radicals(id,radical,reading,stroke_count) VALUES (65,'⺔','けいがしら',3);
INSERT INTO radicals(id,radical,reading,stroke_count) VALUES (66,'⼺','さんづくり',3);
INSERT INTO radicals(id,radical,reading,stroke_count) VALUES (67,'⼻','ぎょうにんべん',3);
INSERT INTO radicals(id,radical,reading,stroke_count) VALUES (68,'⺾','くさかんむり',3);
INSERT INTO radicals(id,radical,reading,stroke_count) VALUES (69,'⻌','しんにょう',3);
INSERT INTO radicals(id,radical,reading,stroke_count) VALUES (70,'⻏','おおざと',3);
INSERT INTO radicals(id,radical,reading,stroke_count) VALUES (71,'⻖','こざとへん',3);
INSERT INTO radicals(id,radical,reading,stroke_count) VALUES (72,'⺍','つ',3);
INSERT INTO radicals(id,radical,reading,stroke_count) VALUES (73,'⺖','りっしんべん',3);
INSERT INTO radicals(id,radical,reading,stroke_count) VALUES (74,'⺘','てへん',3);
INSERT INTO radicals(id,radical,reading,stroke_count) VALUES (75,'⺡','さんずい',3);
INSERT INTO radicals(id,radical,reading,stroke_count) VALUES (76,'⺨','けものへん',3);
INSERT INTO radicals(id,radical,reading,stroke_count) VALUES (77,'⼼','こころ',4);
INSERT INTO radicals(id,radical,reading,stroke_count) VALUES (78,'⺗','したごころ',4);
INSERT INTO radicals(id,radical,reading,stroke_count) VALUES (79,'⼽','ほこ',4);
INSERT INTO radicals(id,radical,reading,stroke_count) VALUES (80,'⼾','と',4);
INSERT INTO radicals(id,radical,reading,stroke_count) VALUES (81,'⼿','て',4);
INSERT INTO radicals(id,radical,reading,stroke_count) VALUES (82,'⽀','しにょう',4);
INSERT INTO radicals(id,radical,reading,stroke_count) VALUES (83,'⽁','ぼくづくり',4);
INSERT INTO radicals(id,radical,reading,stroke_count) VALUES (84,'⺙','ぼくづくり',4);
INSERT INTO radicals(id,radical,reading,stroke_count) VALUES (85,'⽂','ぶん',4);
INSERT INTO radicals(id,radical,reading,stroke_count) VALUES (86,'⽃','ますづくり',4);
INSERT INTO radicals(id,radical,reading,stroke_count) VALUES (87,'⽄','おのづくり',4);
INSERT INTO radicals(id,radical,reading,stroke_count) VALUES (88,'⽅','ほう',4);
INSERT INTO radicals(id,radical,reading,stroke_count) VALUES (89,'⽆','むにょう',4);
INSERT INTO radicals(id,radical,reading,stroke_count) VALUES (90,'⽇','ひ',4);
INSERT INTO radicals(id,radical,reading,stroke_count) VALUES (91,'⽈','ひらび',4);
INSERT INTO radicals(id,radical,reading,stroke_count) VALUES (92,'⽉','つき',4);
INSERT INTO radicals(id,radical,reading,stroke_count) VALUES (93,'⺝','つきへん',4);
INSERT INTO radicals(id,radical,reading,stroke_count) VALUES (94,'⽊','き',4);
INSERT INTO radicals(id,radical,reading,stroke_count) VALUES (95,'⽋','あくび',4);
INSERT INTO radicals(id,radical,reading,stroke_count) VALUES (96,'⽌','とめる',4);
INSERT INTO radicals(id,radical,reading,stroke_count) VALUES (97,'⽍','がつ',4);
INSERT INTO radicals(id,radical,reading,stroke_count) VALUES (98,'⽎','るまた',4);
INSERT INTO radicals(id,radical,reading,stroke_count) VALUES (99,'⽏','なかれ',4);
INSERT INTO radicals(id,radical,reading,stroke_count) VALUES (100,'⽐','くらべる',4);
INSERT INTO radicals(id,radical,reading,stroke_count) VALUES (101,'⽑','け',4);
INSERT INTO radicals(id,radical,reading,stroke_count) VALUES (102,'⽒','うじ',4);
INSERT INTO radicals(id,radical,reading,stroke_count) VALUES (103,'⽓','きがまえ',4);
INSERT INTO radicals(id,radical,reading,stroke_count) VALUES (104,'⽔','みず',4);
INSERT INTO radicals(id,radical,reading,stroke_count) VALUES (105,'⽕','ひ',4);
INSERT INTO radicals(id,radical,reading,stroke_count) VALUES (106,'⺣','れっか',4);
INSERT INTO radicals(id,radical,reading,stroke_count) VALUES (107,'⽖','つめ',4);
INSERT INTO radicals(id,radical,reading,stroke_count) VALUES (108,'⺤','つめかんむり',4);
INSERT INTO radicals(id,radical,reading,stroke_count) VALUES (109,'爫','つめかんむり',4);
INSERT INTO radicals(id,radical,reading,stroke_count) VALUES (110,'⽗','ちち',4);
INSERT INTO radicals(id,radical,reading,stroke_count) VALUES (111,'⽘','こう',4);
INSERT INTO radicals(id,radical,reading,stroke_count) VALUES (112,'⽙','しょうへん',4);
INSERT INTO radicals(id,radical,reading,stroke_count) VALUES (113,'⽚','かた',4);
INSERT INTO radicals(id,radical,reading,stroke_count) VALUES (114,'⽜','うし',4);
INSERT INTO radicals(id,radical,reading,stroke_count) VALUES (115,'⽝','いぬ',4);
INSERT INTO radicals(id,radical,reading,stroke_count) VALUES (116,'⺭','しめすへん',4);
INSERT INTO radicals(id,radical,reading,stroke_count) VALUES (117,'㓁','あみがしら',4);
INSERT INTO radicals(id,radical,reading,stroke_count) VALUES (118,'⺹','おいかんむり',4);
INSERT INTO radicals(id,radical,reading,stroke_count) VALUES (119,'⽞','げん',5);
INSERT INTO radicals(id,radical,reading,stroke_count) VALUES (120,'⽟','たま',5);
INSERT INTO radicals(id,radical,reading,stroke_count) VALUES (121,'⽡','かわら',5);
INSERT INTO radicals(id,radical,reading,stroke_count) VALUES (122,'⽢','あまい',5);
INSERT INTO radicals(id,radical,reading,stroke_count) VALUES (123,'⽣','うまれる',5);
INSERT INTO radicals(id,radical,reading,stroke_count) VALUES (124,'⽤','もちいる',5);
INSERT INTO radicals(id,radical,reading,stroke_count) VALUES (125,'⽥','た',5);
INSERT INTO radicals(id,radical,reading,stroke_count) VALUES (126,'⽦','ひき',5);
INSERT INTO radicals(id,radical,reading,stroke_count) VALUES (127,'⺪','ひきへん',5);
INSERT INTO radicals(id,radical,reading,stroke_count) VALUES (128,'⽧','やまいだれ',5);
INSERT INTO radicals(id,radical,reading,stroke_count) VALUES (129,'⽨','はつがしら',5);
INSERT INTO radicals(id,radical,reading,stroke_count) VALUES (130,'⽩','しろ',5);
INSERT INTO radicals(id,radical,reading,stroke_count) VALUES (131,'⽪','けがわ',5);
INSERT INTO radicals(id,radical,reading,stroke_count) VALUES (132,'⽫','さら',5);
INSERT INTO radicals(id,radical,reading,stroke_count) VALUES (133,'⽬','め',5);
INSERT INTO radicals(id,radical,reading,stroke_count) VALUES (134,'⽭','ほこ',5);
INSERT INTO radicals(id,radical,reading,stroke_count) VALUES (135,'⽮','や',5);
INSERT INTO radicals(id,radical,reading,stroke_count) VALUES (136,'⽯','いし',5);
INSERT INTO radicals(id,radical,reading,stroke_count) VALUES (137,'⽰','しめす',5);
INSERT INTO radicals(id,radical,reading,stroke_count) VALUES (138,'⽱','じゅうのあし',5);
INSERT INTO radicals(id,radical,reading,stroke_count) VALUES (139,'⽲','のぎへん',5);
INSERT INTO radicals(id,radical,reading,stroke_count) VALUES (140,'⽳','あな',5);
INSERT INTO radicals(id,radical,reading,stroke_count) VALUES (141,'⽴','たつ',5);
INSERT INTO radicals(id,radical,reading,stroke_count) VALUES (142,'氺','したみず',5);
INSERT INTO radicals(id,radical,reading,stroke_count) VALUES (143,'⺫','あみがしら',5);
INSERT INTO radicals(id,radical,reading,stroke_count) VALUES (144,'𦉰','あみがしら',5);
INSERT INTO radicals(id,radical,reading,stroke_count) VALUES (145,'⻂','ころもへん',5);
INSERT INTO radicals(id,radical,reading,stroke_count) VALUES (146,'⺛','むにょう',5);
INSERT INTO radicals(id,radical,reading,stroke_count) VALUES (147,'⽵','たけ',6);
INSERT INTO radicals(id,radical,reading,stroke_count) VALUES (148,'⺮','たけかんむり',6);
INSERT INTO radicals(id,radical,reading,stroke_count) VALUES (149,'⽶','こめ',6);
INSERT INTO radicals(id,radical,reading,stroke_count) VALUES (150,'⽷','いと',6);
INSERT INTO radicals(id,radical,reading,stroke_count) VALUES (151,'⽸','みずがめ',6);
INSERT INTO radicals(id,radical,reading,stroke_count) VALUES (152,'⽹','あみめ',6);
INSERT INTO radicals(id,radical,reading,stroke_count) VALUES (153,'⽺','ひつじ',6);
INSERT INTO radicals(id,radical,reading,stroke_count) VALUES (154,'⺷','ひつじ',6);
INSERT INTO radicals(id,radical,reading,stroke_count) VALUES (155,'羽','はね',6);
INSERT INTO radicals(id,radical,reading,stroke_count) VALUES (156,'⽻','はね',6);
INSERT INTO radicals(id,radical,reading,stroke_count) VALUES (157,'⽼','おいかんむり',6);
INSERT INTO radicals(id,radical,reading,stroke_count) VALUES (158,'⽽','しこうして',6);
INSERT INTO radicals(id,radical,reading,stroke_count) VALUES (159,'⽾','らいすき',6);
INSERT INTO radicals(id,radical,reading,stroke_count) VALUES (160,'⽿','みみ',6);
INSERT INTO radicals(id,radical,reading,stroke_count) VALUES (161,'⾀','ふでづくり',6);
INSERT INTO radicals(id,radical,reading,stroke_count) VALUES (162,'⾁','にく',6);
INSERT INTO radicals(id,radical,reading,stroke_count) VALUES (163,'⾂','しん',6);
INSERT INTO radicals(id,radical,reading,stroke_count) VALUES (164,'⾃','みずから',6);
INSERT INTO radicals(id,radical,reading,stroke_count) VALUES (165,'⾄','いたる',6);
INSERT INTO radicals(id,radical,reading,stroke_count) VALUES (166,'⾆','した',6);
INSERT INTO radicals(id,radical,reading,stroke_count) VALUES (167,'⾇','まいあし',6);
INSERT INTO radicals(id,radical,reading,stroke_count) VALUES (168,'⾈','ふね',6);
INSERT INTO radicals(id,radical,reading,stroke_count) VALUES (169,'⾉','こん',6);
INSERT INTO radicals(id,radical,reading,stroke_count) VALUES (170,'⾊','いろ',6);
INSERT INTO radicals(id,radical,reading,stroke_count) VALUES (171,'⾋','くさ',6);
INSERT INTO radicals(id,radical,reading,stroke_count) VALUES (172,'⾌','とらがしら',6);
INSERT INTO radicals(id,radical,reading,stroke_count) VALUES (173,'⾍','むし',6);
INSERT INTO radicals(id,radical,reading,stroke_count) VALUES (174,'⾎','ち',6);
INSERT INTO radicals(id,radical,reading,stroke_count) VALUES (175,'⾏','ぎょうがまえ',6);
INSERT INTO radicals(id,radical,reading,stroke_count) VALUES (176,'⾐','ころも',6);
INSERT INTO radicals(id,radical,reading,stroke_count) VALUES (177,'⾑','にし',6);
INSERT INTO radicals(id,radical,reading,stroke_count) VALUES (178,'⻃','にし',6);
INSERT INTO radicals(id,radical,reading,stroke_count) VALUES (179,'⽠','うり',6);
INSERT INTO radicals(id,radical,reading,stroke_count) VALUES (180,'⾒','みる',7);
INSERT INTO radicals(id,radical,reading,stroke_count) VALUES (181,'⾓','つの',7);
INSERT INTO radicals(id,radical,reading,stroke_count) VALUES (182,'⾔','げん',7);
INSERT INTO radicals(id,radical,reading,stroke_count) VALUES (183,'⾕','たに',7);
INSERT INTO radicals(id,radical,reading,stroke_count) VALUES (184,'⾖','まめ',7);
INSERT INTO radicals(id,radical,reading,stroke_count) VALUES (185,'⾗','いのこ',7);
INSERT INTO radicals(id,radical,reading,stroke_count) VALUES (186,'⾘','むじなへん',7);
INSERT INTO radicals(id,radical,reading,stroke_count) VALUES (187,'⾙','かい',7);
INSERT INTO radicals(id,radical,reading,stroke_count) VALUES (188,'⾚','あか',7);
INSERT INTO radicals(id,radical,reading,stroke_count) VALUES (189,'⾛','はしる',7);
INSERT INTO radicals(id,radical,reading,stroke_count) VALUES (190,'⾜','あし',7);
INSERT INTO radicals(id,radical,reading,stroke_count) VALUES (191,'⻊','あしへん',7);
INSERT INTO radicals(id,radical,reading,stroke_count) VALUES (192,'⾝','み',7);
INSERT INTO radicals(id,radical,reading,stroke_count) VALUES (193,'⾞','くるま',7);
INSERT INTO radicals(id,radical,reading,stroke_count) VALUES (194,'⾟','からい',7);
INSERT INTO radicals(id,radical,reading,stroke_count) VALUES (195,'⾠','しんのたつ',7);
INSERT INTO radicals(id,radical,reading,stroke_count) VALUES (196,'⾡','しんにょう',7);
INSERT INTO radicals(id,radical,reading,stroke_count) VALUES (197,'⾢','むら',7);
INSERT INTO radicals(id,radical,reading,stroke_count) VALUES (198,'⾣','ひよみのとり',7);
INSERT INTO radicals(id,radical,reading,stroke_count) VALUES (199,'⾤','のごめ',7);
INSERT INTO radicals(id,radical,reading,stroke_count) VALUES (200,'⾥','さと',7);
INSERT INTO radicals(id,radical,reading,stroke_count) VALUES (201,'⻨','むぎ',7);
INSERT INTO radicals(id,radical,reading,stroke_count) VALUES (202,'⾦','かね',8);
INSERT INTO radicals(id,radical,reading,stroke_count) VALUES (203,'⻑','ながい',8);
INSERT INTO radicals(id,radical,reading,stroke_count) VALUES (204,'⾨','もんがまえ',8);
INSERT INTO radicals(id,radical,reading,stroke_count) VALUES (205,'⾩','こざと',8);
INSERT INTO radicals(id,radical,reading,stroke_count) VALUES (206,'⾪','れいづくり',8);
INSERT INTO radicals(id,radical,reading,stroke_count) VALUES (207,'⾫','ふるとり',8);
INSERT INTO radicals(id,radical,reading,stroke_count) VALUES (208,'⾬','あめ',8);
INSERT INTO radicals(id,radical,reading,stroke_count) VALUES (209,'⻗','あめかんむり',8);
INSERT INTO radicals(id,radical,reading,stroke_count) VALUES (210,'⾭','あお',8);
INSERT INTO radicals(id,radical,reading,stroke_count) VALUES (211,'⻘','あお',8);
INSERT INTO radicals(id,radical,reading,stroke_count) VALUES (212,'⾮','あらず',8);
INSERT INTO radicals(id,radical,reading,stroke_count) VALUES (213,'⻟','しょくへん',8);
INSERT INTO radicals(id,radical,reading,stroke_count) VALUES (214,'⻫','せい',8);
INSERT INTO radicals(id,radical,reading,stroke_count) VALUES (215,'⾯','めん',9);
INSERT INTO radicals(id,radical,reading,stroke_count) VALUES (216,'⾰','つくりがわ',9);
INSERT INTO radicals(id,radical,reading,stroke_count) VALUES (217,'⾲','にら',9);
INSERT INTO radicals(id,radical,reading,stroke_count) VALUES (218,'⾳','おと',9);
INSERT INTO radicals(id,radical,reading,stroke_count) VALUES (219,'⾴','おおがい',9);
INSERT INTO radicals(id,radical,reading,stroke_count) VALUES (220,'⾵','かぜ',9);
INSERT INTO radicals(id,radical,reading,stroke_count) VALUES (221,'⾶','とぶ',9);
INSERT INTO radicals(id,radical,reading,stroke_count) VALUES (222,'⾷','しょく',9);
INSERT INTO radicals(id,radical,reading,stroke_count) VALUES (223,'⾸','くび',9);
INSERT INTO radicals(id,radical,reading,stroke_count) VALUES (224,'⾹','かおり',9);
INSERT INTO radicals(id,radical,reading,stroke_count) VALUES (225,'⾺','うま',10);
INSERT INTO radicals(id,radical,reading,stroke_count) VALUES (226,'⾻','ほね',10);
INSERT INTO radicals(id,radical,reading,stroke_count) VALUES (227,'⾼','たかい',10);
INSERT INTO radicals(id,radical,reading,stroke_count) VALUES (228,'⾽','かみかんむり',10);
INSERT INTO radicals(id,radical,reading,stroke_count) VALUES (229,'⾾','たたかいがまえ',10);
INSERT INTO radicals(id,radical,reading,stroke_count) VALUES (230,'⾿','においざけ',10);
INSERT INTO radicals(id,radical,reading,stroke_count) VALUES (231,'⿀','れき',10);
INSERT INTO radicals(id,radical,reading,stroke_count) VALUES (232,'⿁','おに',10);
INSERT INTO radicals(id,radical,reading,stroke_count) VALUES (233,'⾱','なめしがわ',10);
INSERT INTO radicals(id,radical,reading,stroke_count) VALUES (234,'⿂','うお',11);
INSERT INTO radicals(id,radical,reading,stroke_count) VALUES (235,'⿃','とり',11);
INSERT INTO radicals(id,radical,reading,stroke_count) VALUES (236,'⿄','しお',11);
INSERT INTO radicals(id,radical,reading,stroke_count) VALUES (237,'⿆','むぎ',11);
INSERT INTO radicals(id,radical,reading,stroke_count) VALUES (238,'⿇','あさ',11);
INSERT INTO radicals(id,radical,reading,stroke_count) VALUES (239,'⻩','き',11);
INSERT INTO radicals(id,radical,reading,stroke_count) VALUES (240,'黒','くろ',11);
INSERT INTO radicals(id,radical,reading,stroke_count) VALUES (241,'⻲','かめ',11);
INSERT INTO radicals(id,radical,reading,stroke_count) VALUES (242,'⿈','き',12);
INSERT INTO radicals(id,radical,reading,stroke_count) VALUES (243,'⿉','きび',12);
INSERT INTO radicals(id,radical,reading,stroke_count) VALUES (244,'⿊','くろ',12);
INSERT INTO radicals(id,radical,reading,stroke_count) VALUES (245,'⿋','ぬいとり',12);
INSERT INTO radicals(id,radical,reading,stroke_count) VALUES (246,'⻭','は',12);
INSERT INTO radicals(id,radical,reading,stroke_count) VALUES (247,'⿌','かえる',13);
INSERT INTO radicals(id,radical,reading,stroke_count) VALUES (248,'⿍','かなえ',13);
INSERT INTO radicals(id,radical,reading,stroke_count) VALUES (249,'⿎','つづみ',13);
INSERT INTO radicals(id,radical,reading,stroke_count) VALUES (250,'⿏','ねずみ',13);
INSERT INTO radicals(id,radical,reading,stroke_count) VALUES (251,'⿐','はな',14);
INSERT INTO radicals(id,radical,reading,stroke_count) VALUES (252,'⿑','せい',14);
INSERT INTO radicals(id,radical,reading,stroke_count) VALUES (253,'⿒','は',15);
INSERT INTO radicals(id,radical,reading,stroke_count) VALUES (254,'⿓','りょう',16);
INSERT INTO radicals(id,radical,reading,stroke_count) VALUES (255,'⿔','かめ',16);
INSERT INTO radicals(id,radical,reading,stroke_count) VALUES (256,'⿕','やく',17);

INSERT INTO radical_translations(radical_id,language_id,translation,description) VALUES (1,'en','one, horizontal stroke',NULL);
INSERT INTO radical_translations(radical_id,language_id,translation,description) VALUES (2,'en','vertical stroke',NULL);
INSERT INTO radical_translations(radical_id,language_id,translation,description) VALUES (3,'en','dot',NULL);
INSERT INTO radical_translations(radical_id,language_id,translation,description) VALUES (4,'en','diagonal sweeping stroke',NULL);
INSERT INTO radical_translations(radical_id,language_id,translation,description) VALUES (5,'en','the second',NULL);
INSERT INTO radical_translations(radical_id,language_id,translation,description) VALUES (6,'en','the second','a variant of ⼄（おつ）');
INSERT INTO radical_translations(radical_id,language_id,translation,description) VALUES (7,'en','two',NULL);
INSERT INTO radical_translations(radical_id,language_id,translation,description) VALUES (8,'en','lid, top',NULL);
INSERT INTO radical_translations(radical_id,language_id,translation,description) VALUES (9,'en','person',NULL);
INSERT INTO radical_translations(radical_id,language_id,translation,description) VALUES (10,'en','person','a variant of ⼈（ひと）');
INSERT INTO radical_translations(radical_id,language_id,translation,description) VALUES (11,'en','human legs',NULL);
INSERT INTO radical_translations(radical_id,language_id,translation,description) VALUES (12,'en','to enter',NULL);
INSERT INTO radical_translations(radical_id,language_id,translation,description) VALUES (13,'en','eight',NULL);
INSERT INTO radical_translations(radical_id,language_id,translation,description) VALUES (14,'en','to enclose',NULL);
INSERT INTO radical_translations(radical_id,language_id,translation,description) VALUES (15,'en','cover, crown',NULL);
INSERT INTO radical_translations(radical_id,language_id,translation,description) VALUES (16,'en','ice',NULL);
INSERT INTO radical_translations(radical_id,language_id,translation,description) VALUES (17,'en','table',NULL);
INSERT INTO radical_translations(radical_id,language_id,translation,description) VALUES (18,'en','wind','a variant of ⼏（きにょう）');
INSERT INTO radical_translations(radical_id,language_id,translation,description) VALUES (19,'en','container, open box',NULL);
INSERT INTO radical_translations(radical_id,language_id,translation,description) VALUES (20,'en','knife, sword',NULL);
INSERT INTO radical_translations(radical_id,language_id,translation,description) VALUES (21,'en','knife, sword','a variant of ⼑（かたな）');
INSERT INTO radical_translations(radical_id,language_id,translation,description) VALUES (22,'en','power',NULL);
INSERT INTO radical_translations(radical_id,language_id,translation,description) VALUES (23,'en','to wrap',NULL);
INSERT INTO radical_translations(radical_id,language_id,translation,description) VALUES (24,'en','spoon',NULL);
INSERT INTO radical_translations(radical_id,language_id,translation,description) VALUES (25,'en','box',NULL);
INSERT INTO radical_translations(radical_id,language_id,translation,description) VALUES (26,'en','to conceal, hide',NULL);
INSERT INTO radical_translations(radical_id,language_id,translation,description) VALUES (27,'en','ten',NULL);
INSERT INTO radical_translations(radical_id,language_id,translation,description) VALUES (28,'en','oracle',NULL);
INSERT INTO radical_translations(radical_id,language_id,translation,description) VALUES (29,'en','stamp, seal',NULL);
INSERT INTO radical_translations(radical_id,language_id,translation,description) VALUES (30,'en','cliff',NULL);
INSERT INTO radical_translations(radical_id,language_id,translation,description) VALUES (31,'en','private, Katakana Mu',NULL);
INSERT INTO radical_translations(radical_id,language_id,translation,description) VALUES (32,'en','again, right hand',NULL);
INSERT INTO radical_translations(radical_id,language_id,translation,description) VALUES (33,'en','mouth',NULL);
INSERT INTO radical_translations(radical_id,language_id,translation,description) VALUES (34,'en','border, territorial boundaries',NULL);
INSERT INTO radical_translations(radical_id,language_id,translation,description) VALUES (35,'en','earth',NULL);
INSERT INTO radical_translations(radical_id,language_id,translation,description) VALUES (36,'en','man, scholar, samurai',NULL);
INSERT INTO radical_translations(radical_id,language_id,translation,description) VALUES (37,'en','to follow',NULL);
INSERT INTO radical_translations(radical_id,language_id,translation,description) VALUES (38,'en','to go slowly',NULL);
INSERT INTO radical_translations(radical_id,language_id,translation,description) VALUES (39,'en','evening',NULL);
INSERT INTO radical_translations(radical_id,language_id,translation,description) VALUES (40,'en','large, big',NULL);
INSERT INTO radical_translations(radical_id,language_id,translation,description) VALUES (41,'en','woman',NULL);
INSERT INTO radical_translations(radical_id,language_id,translation,description) VALUES (42,'en','child, son',NULL);
INSERT INTO radical_translations(radical_id,language_id,translation,description) VALUES (43,'en','roof, house',NULL);
INSERT INTO radical_translations(radical_id,language_id,translation,description) VALUES (44,'en','inch, (2.25 cm)',NULL);
INSERT INTO radical_translations(radical_id,language_id,translation,description) VALUES (45,'en','small',NULL);
INSERT INTO radical_translations(radical_id,language_id,translation,description) VALUES (46,'en','small','a variant of ⼩（しょう）');
INSERT INTO radical_translations(radical_id,language_id,translation,description) VALUES (47,'en','lame leg',NULL);
INSERT INTO radical_translations(radical_id,language_id,translation,description) VALUES (48,'en','corpse, awning',NULL);
INSERT INTO radical_translations(radical_id,language_id,translation,description) VALUES (49,'en','sprout',NULL);
INSERT INTO radical_translations(radical_id,language_id,translation,description) VALUES (50,'en','mountain',NULL);
INSERT INTO radical_translations(radical_id,language_id,translation,description) VALUES (51,'en','winding river',NULL);
INSERT INTO radical_translations(radical_id,language_id,translation,description) VALUES (52,'en','river','a variant of ⼮（まがりがわ）');
INSERT INTO radical_translations(radical_id,language_id,translation,description) VALUES (53,'en','work, carpenter, skill',NULL);
INSERT INTO radical_translations(radical_id,language_id,translation,description) VALUES (54,'en','self',NULL);
INSERT INTO radical_translations(radical_id,language_id,translation,description) VALUES (55,'en','cloth',NULL);
INSERT INTO radical_translations(radical_id,language_id,translation,description) VALUES (56,'en','to dry, shield',NULL);
INSERT INTO radical_translations(radical_id,language_id,translation,description) VALUES (57,'en','young, slight',NULL);
INSERT INTO radical_translations(radical_id,language_id,translation,description) VALUES (58,'en','slanting roof',NULL);
INSERT INTO radical_translations(radical_id,language_id,translation,description) VALUES (59,'en','to move, stretch',NULL);
INSERT INTO radical_translations(radical_id,language_id,translation,description) VALUES (60,'en','folded hands',NULL);
INSERT INTO radical_translations(radical_id,language_id,translation,description) VALUES (61,'en','javelin',NULL);
INSERT INTO radical_translations(radical_id,language_id,translation,description) VALUES (62,'en','bow （in archery）',NULL);
INSERT INTO radical_translations(radical_id,language_id,translation,description) VALUES (63,'en','pig’s head',NULL);
INSERT INTO radical_translations(radical_id,language_id,translation,description) VALUES (64,'en','pig’s head','a variant of ⼹（けいがしら）');
INSERT INTO radical_translations(radical_id,language_id,translation,description) VALUES (65,'en','pig’s head','a variant of ⼹（けいがしら）');
INSERT INTO radical_translations(radical_id,language_id,translation,description) VALUES (66,'en','hair-style, light rays',NULL);
INSERT INTO radical_translations(radical_id,language_id,translation,description) VALUES (67,'en','step, stride, street, to go',NULL);
INSERT INTO radical_translations(radical_id,language_id,translation,description) VALUES (68,'en','grass','a variant of ⾋（くさ）');
INSERT INTO radical_translations(radical_id,language_id,translation,description) VALUES (69,'en','road, walk, to advance','a variant of ⾡（しんにょう）');
INSERT INTO radical_translations(radical_id,language_id,translation,description) VALUES (70,'en','village, country, city','a variant of ⾢（むら）');
INSERT INTO radical_translations(radical_id,language_id,translation,description) VALUES (71,'en','hill, mound','a variant of ⾩（こざと）');
INSERT INTO radical_translations(radical_id,language_id,translation,description) VALUES (72,'en','Katakana Tsu',NULL);
INSERT INTO radical_translations(radical_id,language_id,translation,description) VALUES (73,'en','heart, mind, spirit','a variant of ⼼（こころ）');
INSERT INTO radical_translations(radical_id,language_id,translation,description) VALUES (74,'en','hand','a variant of ⼿（て）');
INSERT INTO radical_translations(radical_id,language_id,translation,description) VALUES (75,'en','water','a variant of ⽔（みず）');
INSERT INTO radical_translations(radical_id,language_id,translation,description) VALUES (76,'en','beast','a variant of ⽝（いぬ）');
INSERT INTO radical_translations(radical_id,language_id,translation,description) VALUES (77,'en','heart, mind, spirit',NULL);
INSERT INTO radical_translations(radical_id,language_id,translation,description) VALUES (78,'en','heart, mind, spirit','a variant of ⼼（こころ）');
INSERT INTO radical_translations(radical_id,language_id,translation,description) VALUES (79,'en','spear, weapon',NULL);
INSERT INTO radical_translations(radical_id,language_id,translation,description) VALUES (80,'en','door',NULL);
INSERT INTO radical_translations(radical_id,language_id,translation,description) VALUES (81,'en','hand',NULL);
INSERT INTO radical_translations(radical_id,language_id,translation,description) VALUES (82,'en','branch',NULL);
INSERT INTO radical_translations(radical_id,language_id,translation,description) VALUES (83,'en','activity, to strike, hit',NULL);
INSERT INTO radical_translations(radical_id,language_id,translation,description) VALUES (84,'en','activity, to strike, hit','a variant of ⽁（ぼくづくり）');
INSERT INTO radical_translations(radical_id,language_id,translation,description) VALUES (85,'en','literature, letters',NULL);
INSERT INTO radical_translations(radical_id,language_id,translation,description) VALUES (86,'en','big dipper, ladle, 18 liters',NULL);
INSERT INTO radical_translations(radical_id,language_id,translation,description) VALUES (87,'en','axe',NULL);
INSERT INTO radical_translations(radical_id,language_id,translation,description) VALUES (88,'en','direction, flag',NULL);
INSERT INTO radical_translations(radical_id,language_id,translation,description) VALUES (89,'en','not',NULL);
INSERT INTO radical_translations(radical_id,language_id,translation,description) VALUES (90,'en','sun, day, time',NULL);
INSERT INTO radical_translations(radical_id,language_id,translation,description) VALUES (91,'en','to say',NULL);
INSERT INTO radical_translations(radical_id,language_id,translation,description) VALUES (92,'en','moon, month, period',NULL);
INSERT INTO radical_translations(radical_id,language_id,translation,description) VALUES (93,'en','moon, month, period','a variant of ⽉（つき）');
INSERT INTO radical_translations(radical_id,language_id,translation,description) VALUES (94,'en','tree, wood',NULL);
INSERT INTO radical_translations(radical_id,language_id,translation,description) VALUES (95,'en','to lack, yawn',NULL);
INSERT INTO radical_translations(radical_id,language_id,translation,description) VALUES (96,'en','to stop',NULL);
INSERT INTO radical_translations(radical_id,language_id,translation,description) VALUES (97,'en','death & dying, to decompose',NULL);
INSERT INTO radical_translations(radical_id,language_id,translation,description) VALUES (98,'en','lance shaft, action',NULL);
INSERT INTO radical_translations(radical_id,language_id,translation,description) VALUES (99,'en','not, mother',NULL);
INSERT INTO radical_translations(radical_id,language_id,translation,description) VALUES (100,'en','to compare',NULL);
INSERT INTO radical_translations(radical_id,language_id,translation,description) VALUES (101,'en','hair',NULL);
INSERT INTO radical_translations(radical_id,language_id,translation,description) VALUES (102,'en','family, clan',NULL);
INSERT INTO radical_translations(radical_id,language_id,translation,description) VALUES (103,'en','steam, air',NULL);
INSERT INTO radical_translations(radical_id,language_id,translation,description) VALUES (104,'en','water',NULL);
INSERT INTO radical_translations(radical_id,language_id,translation,description) VALUES (105,'en','fire',NULL);
INSERT INTO radical_translations(radical_id,language_id,translation,description) VALUES (106,'en','fire','a variant of ⽕（ひ）');
INSERT INTO radical_translations(radical_id,language_id,translation,description) VALUES (107,'en','claw, nail',NULL);
INSERT INTO radical_translations(radical_id,language_id,translation,description) VALUES (108,'en','claw, nail','a variant of ⽖（つめ）');
INSERT INTO radical_translations(radical_id,language_id,translation,description) VALUES (109,'en','claw, nail','a variant of ⽖（つめ）');
INSERT INTO radical_translations(radical_id,language_id,translation,description) VALUES (110,'en','father',NULL);
INSERT INTO radical_translations(radical_id,language_id,translation,description) VALUES (111,'en','to mix',NULL);
INSERT INTO radical_translations(radical_id,language_id,translation,description) VALUES (112,'en','split wood',NULL);
INSERT INTO radical_translations(radical_id,language_id,translation,description) VALUES (113,'en','split wood',NULL);
INSERT INTO radical_translations(radical_id,language_id,translation,description) VALUES (114,'en','cow',NULL);
INSERT INTO radical_translations(radical_id,language_id,translation,description) VALUES (115,'en','dog',NULL);
INSERT INTO radical_translations(radical_id,language_id,translation,description) VALUES (116,'en','altar, festival, religious service','a variant of ⽰（しめす）');
INSERT INTO radical_translations(radical_id,language_id,translation,description) VALUES (117,'en','net','a variant of ⽹（あみ）');
INSERT INTO radical_translations(radical_id,language_id,translation,description) VALUES (118,'en','old, old-age','a variant of ⽼（おいかんむり）');
INSERT INTO radical_translations(radical_id,language_id,translation,description) VALUES (119,'en','darkness',NULL);
INSERT INTO radical_translations(radical_id,language_id,translation,description) VALUES (120,'en','jewelry',NULL);
INSERT INTO radical_translations(radical_id,language_id,translation,description) VALUES (121,'en','tile',NULL);
INSERT INTO radical_translations(radical_id,language_id,translation,description) VALUES (122,'en','sweet',NULL);
INSERT INTO radical_translations(radical_id,language_id,translation,description) VALUES (123,'en','birth, to be born, live',NULL);
INSERT INTO radical_translations(radical_id,language_id,translation,description) VALUES (124,'en','to use',NULL);
INSERT INTO radical_translations(radical_id,language_id,translation,description) VALUES (125,'en','rice paddy',NULL);
INSERT INTO radical_translations(radical_id,language_id,translation,description) VALUES (126,'en','bolt of cloth',NULL);
INSERT INTO radical_translations(radical_id,language_id,translation,description) VALUES (127,'en','bolt of cloth','a variant of ⽦（ひき）');
INSERT INTO radical_translations(radical_id,language_id,translation,description) VALUES (128,'en','sickness',NULL);
INSERT INTO radical_translations(radical_id,language_id,translation,description) VALUES (129,'en','outspread legs, departure',NULL);
INSERT INTO radical_translations(radical_id,language_id,translation,description) VALUES (130,'en','white',NULL);
INSERT INTO radical_translations(radical_id,language_id,translation,description) VALUES (131,'en','skin, hide',NULL);
INSERT INTO radical_translations(radical_id,language_id,translation,description) VALUES (132,'en','plate, bowl',NULL);
INSERT INTO radical_translations(radical_id,language_id,translation,description) VALUES (133,'en','eye',NULL);
INSERT INTO radical_translations(radical_id,language_id,translation,description) VALUES (134,'en','halberd',NULL);
INSERT INTO radical_translations(radical_id,language_id,translation,description) VALUES (135,'en','arrow',NULL);
INSERT INTO radical_translations(radical_id,language_id,translation,description) VALUES (136,'en','stone',NULL);
INSERT INTO radical_translations(radical_id,language_id,translation,description) VALUES (137,'en','altar, festival, religious service',NULL);
INSERT INTO radical_translations(radical_id,language_id,translation,description) VALUES (138,'en','footprint',NULL);
INSERT INTO radical_translations(radical_id,language_id,translation,description) VALUES (139,'en','grain',NULL);
INSERT INTO radical_translations(radical_id,language_id,translation,description) VALUES (140,'en','hole, cave',NULL);
INSERT INTO radical_translations(radical_id,language_id,translation,description) VALUES (141,'en','to stand',NULL);
INSERT INTO radical_translations(radical_id,language_id,translation,description) VALUES (142,'en','water','a variant of ⽔（みず）');
INSERT INTO radical_translations(radical_id,language_id,translation,description) VALUES (143,'en','net','a variant of ⽹（あみ）');
INSERT INTO radical_translations(radical_id,language_id,translation,description) VALUES (144,'en','net','a variant of ⽹（あみ）');
INSERT INTO radical_translations(radical_id,language_id,translation,description) VALUES (145,'en','clothing','a variant of ⾐（ころも）');
INSERT INTO radical_translations(radical_id,language_id,translation,description) VALUES (146,'en','not','a variant of ⽆（むにょう）');
INSERT INTO radical_translations(radical_id,language_id,translation,description) VALUES (147,'en','bamboo',NULL);
INSERT INTO radical_translations(radical_id,language_id,translation,description) VALUES (148,'en','bamboo','a variant of ⽵（たけ）');
INSERT INTO radical_translations(radical_id,language_id,translation,description) VALUES (149,'en','rice',NULL);
INSERT INTO radical_translations(radical_id,language_id,translation,description) VALUES (150,'en','thread',NULL);
INSERT INTO radical_translations(radical_id,language_id,translation,description) VALUES (151,'en','earthen jar',NULL);
INSERT INTO radical_translations(radical_id,language_id,translation,description) VALUES (152,'en','net',NULL);
INSERT INTO radical_translations(radical_id,language_id,translation,description) VALUES (153,'en','sheep',NULL);
INSERT INTO radical_translations(radical_id,language_id,translation,description) VALUES (154,'en','sheep','a variant of ⽺（ひつじ）');
INSERT INTO radical_translations(radical_id,language_id,translation,description) VALUES (155,'en','feather, wing',NULL);
INSERT INTO radical_translations(radical_id,language_id,translation,description) VALUES (156,'en','feather, wing','a variant of 羽（はね）');
INSERT INTO radical_translations(radical_id,language_id,translation,description) VALUES (157,'en','old, old-age',NULL);
INSERT INTO radical_translations(radical_id,language_id,translation,description) VALUES (158,'en','and also',NULL);
INSERT INTO radical_translations(radical_id,language_id,translation,description) VALUES (159,'en','plow',NULL);
INSERT INTO radical_translations(radical_id,language_id,translation,description) VALUES (160,'en','ear',NULL);
INSERT INTO radical_translations(radical_id,language_id,translation,description) VALUES (161,'en','writing brush',NULL);
INSERT INTO radical_translations(radical_id,language_id,translation,description) VALUES (162,'en','flesh, meat',NULL);
INSERT INTO radical_translations(radical_id,language_id,translation,description) VALUES (163,'en','retainer, minister',NULL);
INSERT INTO radical_translations(radical_id,language_id,translation,description) VALUES (164,'en','self',NULL);
INSERT INTO radical_translations(radical_id,language_id,translation,description) VALUES (165,'en','to arrive, reach',NULL);
INSERT INTO radical_translations(radical_id,language_id,translation,description) VALUES (166,'en','tongue',NULL);
INSERT INTO radical_translations(radical_id,language_id,translation,description) VALUES (167,'en','contrary, to err',NULL);
INSERT INTO radical_translations(radical_id,language_id,translation,description) VALUES (168,'en','ship, boat',NULL);
INSERT INTO radical_translations(radical_id,language_id,translation,description) VALUES (169,'en','boundary',NULL);
INSERT INTO radical_translations(radical_id,language_id,translation,description) VALUES (170,'en','color',NULL);
INSERT INTO radical_translations(radical_id,language_id,translation,description) VALUES (171,'en','grass, plant',NULL);
INSERT INTO radical_translations(radical_id,language_id,translation,description) VALUES (172,'en','tiger',NULL);
INSERT INTO radical_translations(radical_id,language_id,translation,description) VALUES (173,'en','worm, insect, bug',NULL);
INSERT INTO radical_translations(radical_id,language_id,translation,description) VALUES (174,'en','blood',NULL);
INSERT INTO radical_translations(radical_id,language_id,translation,description) VALUES (175,'en','to go',NULL);
INSERT INTO radical_translations(radical_id,language_id,translation,description) VALUES (176,'en','clothing',NULL);
INSERT INTO radical_translations(radical_id,language_id,translation,description) VALUES (177,'en','cover, west',NULL);
INSERT INTO radical_translations(radical_id,language_id,translation,description) VALUES (178,'en','cover, west','a variant of ⾑（にし）');
INSERT INTO radical_translations(radical_id,language_id,translation,description) VALUES (179,'en','melon','a variant of ⽠（うり）');
INSERT INTO radical_translations(radical_id,language_id,translation,description) VALUES (180,'en','to see',NULL);
INSERT INTO radical_translations(radical_id,language_id,translation,description) VALUES (181,'en','horn, corner',NULL);
INSERT INTO radical_translations(radical_id,language_id,translation,description) VALUES (182,'en','words, to speak, say',NULL);
INSERT INTO radical_translations(radical_id,language_id,translation,description) VALUES (183,'en','valley',NULL);
INSERT INTO radical_translations(radical_id,language_id,translation,description) VALUES (184,'en','bean',NULL);
INSERT INTO radical_translations(radical_id,language_id,translation,description) VALUES (185,'en','pig',NULL);
INSERT INTO radical_translations(radical_id,language_id,translation,description) VALUES (186,'en','badger',NULL);
INSERT INTO radical_translations(radical_id,language_id,translation,description) VALUES (187,'en','shell, property, wealth',NULL);
INSERT INTO radical_translations(radical_id,language_id,translation,description) VALUES (188,'en','red',NULL);
INSERT INTO radical_translations(radical_id,language_id,translation,description) VALUES (189,'en','to run',NULL);
INSERT INTO radical_translations(radical_id,language_id,translation,description) VALUES (190,'en','foot, leg',NULL);
INSERT INTO radical_translations(radical_id,language_id,translation,description) VALUES (191,'en','foot, leg','a variant of ⾜（あし）');
INSERT INTO radical_translations(radical_id,language_id,translation,description) VALUES (192,'en','body',NULL);
INSERT INTO radical_translations(radical_id,language_id,translation,description) VALUES (193,'en','vehicle, wheel, car',NULL);
INSERT INTO radical_translations(radical_id,language_id,translation,description) VALUES (194,'en','bitter',NULL);
INSERT INTO radical_translations(radical_id,language_id,translation,description) VALUES (195,'en','Fifth zodiac sign, 7–9 A.M.',NULL);
INSERT INTO radical_translations(radical_id,language_id,translation,description) VALUES (196,'en','to advance, move ahead',NULL);
INSERT INTO radical_translations(radical_id,language_id,translation,description) VALUES (197,'en','community',NULL);
INSERT INTO radical_translations(radical_id,language_id,translation,description) VALUES (198,'en','sake jar, bird',NULL);
INSERT INTO radical_translations(radical_id,language_id,translation,description) VALUES (199,'en','to separate',NULL);
INSERT INTO radical_translations(radical_id,language_id,translation,description) VALUES (200,'en','village, (3.93 km)',NULL);
INSERT INTO radical_translations(radical_id,language_id,translation,description) VALUES (201,'en','wheat','a variant of ⿆（むぎ）');
INSERT INTO radical_translations(radical_id,language_id,translation,description) VALUES (202,'en','metal, gold, mineral',NULL);
INSERT INTO radical_translations(radical_id,language_id,translation,description) VALUES (203,'en','long',NULL);
INSERT INTO radical_translations(radical_id,language_id,translation,description) VALUES (204,'en','gate, door',NULL);
INSERT INTO radical_translations(radical_id,language_id,translation,description) VALUES (205,'en','hill',NULL);
INSERT INTO radical_translations(radical_id,language_id,translation,description) VALUES (206,'en','to capture',NULL);
INSERT INTO radical_translations(radical_id,language_id,translation,description) VALUES (207,'en','small bird',NULL);
INSERT INTO radical_translations(radical_id,language_id,translation,description) VALUES (208,'en','rain',NULL);
INSERT INTO radical_translations(radical_id,language_id,translation,description) VALUES (209,'en','rain','a variant of ⾬（あめ）');
INSERT INTO radical_translations(radical_id,language_id,translation,description) VALUES (210,'en','blue, green',NULL);
INSERT INTO radical_translations(radical_id,language_id,translation,description) VALUES (211,'en','blue, green','a variant of ⾭（あお）');
INSERT INTO radical_translations(radical_id,language_id,translation,description) VALUES (212,'en','wrong, non-',NULL);
INSERT INTO radical_translations(radical_id,language_id,translation,description) VALUES (213,'en','food, to eat','a variant of ⾷（しょく）');
INSERT INTO radical_translations(radical_id,language_id,translation,description) VALUES (214,'en','alike','a variant of ⿑（せい）');
INSERT INTO radical_translations(radical_id,language_id,translation,description) VALUES (215,'en','face, surface',NULL);
INSERT INTO radical_translations(radical_id,language_id,translation,description) VALUES (216,'en','leather',NULL);
INSERT INTO radical_translations(radical_id,language_id,translation,description) VALUES (217,'en','leek',NULL);
INSERT INTO radical_translations(radical_id,language_id,translation,description) VALUES (218,'en','sound, noise',NULL);
INSERT INTO radical_translations(radical_id,language_id,translation,description) VALUES (219,'en','head, page',NULL);
INSERT INTO radical_translations(radical_id,language_id,translation,description) VALUES (220,'en','wind',NULL);
INSERT INTO radical_translations(radical_id,language_id,translation,description) VALUES (221,'en','to fly',NULL);
INSERT INTO radical_translations(radical_id,language_id,translation,description) VALUES (222,'en','food, to eat',NULL);
INSERT INTO radical_translations(radical_id,language_id,translation,description) VALUES (223,'en','head',NULL);
INSERT INTO radical_translations(radical_id,language_id,translation,description) VALUES (224,'en','scent',NULL);
INSERT INTO radical_translations(radical_id,language_id,translation,description) VALUES (225,'en','horse',NULL);
INSERT INTO radical_translations(radical_id,language_id,translation,description) VALUES (226,'en','bone',NULL);
INSERT INTO radical_translations(radical_id,language_id,translation,description) VALUES (227,'en','high',NULL);
INSERT INTO radical_translations(radical_id,language_id,translation,description) VALUES (228,'en','long hair',NULL);
INSERT INTO radical_translations(radical_id,language_id,translation,description) VALUES (229,'en','fighting',NULL);
INSERT INTO radical_translations(radical_id,language_id,translation,description) VALUES (230,'en','herbs',NULL);
INSERT INTO radical_translations(radical_id,language_id,translation,description) VALUES (231,'en','tripod',NULL);
INSERT INTO radical_translations(radical_id,language_id,translation,description) VALUES (232,'en','demon',NULL);
INSERT INTO radical_translations(radical_id,language_id,translation,description) VALUES (233,'en','leather','a variant of （なめしがわ）');
INSERT INTO radical_translations(radical_id,language_id,translation,description) VALUES (234,'en','fish',NULL);
INSERT INTO radical_translations(radical_id,language_id,translation,description) VALUES (235,'en','bird',NULL);
INSERT INTO radical_translations(radical_id,language_id,translation,description) VALUES (236,'en','salt',NULL);
INSERT INTO radical_translations(radical_id,language_id,translation,description) VALUES (237,'en','wheat',NULL);
INSERT INTO radical_translations(radical_id,language_id,translation,description) VALUES (238,'en','hemp',NULL);
INSERT INTO radical_translations(radical_id,language_id,translation,description) VALUES (239,'en','yellow','a variant of ⿈（き）');
INSERT INTO radical_translations(radical_id,language_id,translation,description) VALUES (240,'en','black','a variant of ⿊（くろ）');
INSERT INTO radical_translations(radical_id,language_id,translation,description) VALUES (241,'en','turtle','a variant of ⿔（かめ）');
INSERT INTO radical_translations(radical_id,language_id,translation,description) VALUES (242,'en','yellow',NULL);
INSERT INTO radical_translations(radical_id,language_id,translation,description) VALUES (243,'en','millet',NULL);
INSERT INTO radical_translations(radical_id,language_id,translation,description) VALUES (244,'en','black',NULL);
INSERT INTO radical_translations(radical_id,language_id,translation,description) VALUES (245,'en','embroider',NULL);
INSERT INTO radical_translations(radical_id,language_id,translation,description) VALUES (246,'en','tooth','a variant of ⿒（は）');
INSERT INTO radical_translations(radical_id,language_id,translation,description) VALUES (247,'en','frog',NULL);
INSERT INTO radical_translations(radical_id,language_id,translation,description) VALUES (248,'en','tripod',NULL);
INSERT INTO radical_translations(radical_id,language_id,translation,description) VALUES (249,'en','drum',NULL);
INSERT INTO radical_translations(radical_id,language_id,translation,description) VALUES (250,'en','rat, mouse',NULL);
INSERT INTO radical_translations(radical_id,language_id,translation,description) VALUES (251,'en','nose',NULL);
INSERT INTO radical_translations(radical_id,language_id,translation,description) VALUES (252,'en','alike',NULL);
INSERT INTO radical_translations(radical_id,language_id,translation,description) VALUES (253,'en','tooth',NULL);
INSERT INTO radical_translations(radical_id,language_id,translation,description) VALUES (254,'en','dragon',NULL);
INSERT INTO radical_translations(radical_id,language_id,translation,description) VALUES (255,'en','turtle',NULL);
INSERT INTO radical_translations(radical_id,language_id,translation,description) VALUES (256,'en','flute',NULL);

INSERT INTO kanji(id,kanji,learning_order,jlpt_level,onyomi,onyomi_romaji,kunyomi,kunyomi_romaji,stroke_count) VALUES (1,'口',NULL,5,'コウ、 ク','kou, ku','くち','kuchi','3');
INSERT INTO kanji(id,kanji,learning_order,jlpt_level,onyomi,onyomi_romaji,kunyomi,kunyomi_romaji,stroke_count) VALUES (2,'上',NULL,5,'じょう','-','うえ あ のぼ','-','3');
INSERT INTO kanji(id,kanji,learning_order,jlpt_level,onyomi,onyomi_romaji,kunyomi,kunyomi_romaji,stroke_count) VALUES (3,'入',NULL,5,'にゅう','-','はい い','-','2');
INSERT INTO kanji(id,kanji,learning_order,jlpt_level,onyomi,onyomi_romaji,kunyomi,kunyomi_romaji,stroke_count) VALUES (4,'川',NULL,5,'-','-','かわ','-','3');
INSERT INTO kanji(id,kanji,learning_order,jlpt_level,onyomi,onyomi_romaji,kunyomi,kunyomi_romaji,stroke_count) VALUES (5,'七',7,5,'しち','-','なな なの','-','2');
INSERT INTO kanji(id,kanji,learning_order,jlpt_level,onyomi,onyomi_romaji,kunyomi,kunyomi_romaji,stroke_count) VALUES (6,'二',2,5,'ニ、 ジ','ni, ji','ふた、 ふた.つ、 ふたたび','futa, futa.tsu, futatabi','2');
INSERT INTO kanji(id,kanji,learning_order,jlpt_level,onyomi,onyomi_romaji,kunyomi,kunyomi_romaji,stroke_count) VALUES (7,'三',3,5,'サン、 ゾウ','san, zou','み、 み.つ、 みっ.つ','mi, mi.tsu, mit.tsu','3');
INSERT INTO kanji(id,kanji,learning_order,jlpt_level,onyomi,onyomi_romaji,kunyomi,kunyomi_romaji,stroke_count) VALUES (8,'山',NULL,5,'サン、 セン','san ,sen','やま','yama','3');
INSERT INTO kanji(id,kanji,learning_order,jlpt_level,onyomi,onyomi_romaji,kunyomi,kunyomi_romaji,stroke_count) VALUES (9,'女',NULL,5,'じょ','-','おんな','-','3');
INSERT INTO kanji(id,kanji,learning_order,jlpt_level,onyomi,onyomi_romaji,kunyomi,kunyomi_romaji,stroke_count) VALUES (10,'大',NULL,5,'たい だい','-','おお','-','3');
INSERT INTO kanji(id,kanji,learning_order,jlpt_level,onyomi,onyomi_romaji,kunyomi,kunyomi_romaji,stroke_count) VALUES (11,'九',9,5,'く きゅう','-','ここの','-','2');
INSERT INTO kanji(id,kanji,learning_order,jlpt_level,onyomi,onyomi_romaji,kunyomi,kunyomi_romaji,stroke_count) VALUES (12,'人',NULL,5,'にん じん','-','ひと','-','2');
INSERT INTO kanji(id,kanji,learning_order,jlpt_level,onyomi,onyomi_romaji,kunyomi,kunyomi_romaji,stroke_count) VALUES (13,'八',8,5,'はち','-','やっ よう','-','2');
INSERT INTO kanji(id,kanji,learning_order,jlpt_level,onyomi,onyomi_romaji,kunyomi,kunyomi_romaji,stroke_count) VALUES (14,'一',1,5,'イチ、 イツ','ichi, itsu','ひと-、 ひと.つ','hito-, hito.tsu','1');
INSERT INTO kanji(id,kanji,learning_order,jlpt_level,onyomi,onyomi_romaji,kunyomi,kunyomi_romaji,stroke_count) VALUES (15,'下',NULL,5,'か','-','した さ くだ','-','3');
INSERT INTO kanji(id,kanji,learning_order,jlpt_level,onyomi,onyomi_romaji,kunyomi,kunyomi_romaji,stroke_count) VALUES (16,'十',10,5,'ジュウ、 ジッ、 ジュッ','juu, ji, ju','とお、 と、 そ','too, to, so','2');
INSERT INTO kanji(id,kanji,learning_order,jlpt_level,onyomi,onyomi_romaji,kunyomi,kunyomi_romaji,stroke_count) VALUES (17,'火',NULL,5,'か','-','ひ','-','4');
INSERT INTO kanji(id,kanji,learning_order,jlpt_level,onyomi,onyomi_romaji,kunyomi,kunyomi_romaji,stroke_count) VALUES (18,'左',NULL,5,'-','-','ひだり','-',NULL);
INSERT INTO kanji(id,kanji,learning_order,jlpt_level,onyomi,onyomi_romaji,kunyomi,kunyomi_romaji,stroke_count) VALUES (19,'子',NULL,5,'し','-','こ','-','2');
INSERT INTO kanji(id,kanji,learning_order,jlpt_level,onyomi,onyomi_romaji,kunyomi,kunyomi_romaji,stroke_count) VALUES (20,'円',NULL,5,'えん','-','まる','-',NULL);
INSERT INTO kanji(id,kanji,learning_order,jlpt_level,onyomi,onyomi_romaji,kunyomi,kunyomi_romaji,stroke_count) VALUES (21,'四',4,5,'し','-','よん よっ','-',NULL);
INSERT INTO kanji(id,kanji,learning_order,jlpt_level,onyomi,onyomi_romaji,kunyomi,kunyomi_romaji,stroke_count) VALUES (22,'中',13,5,'ちゅう','-','なか','-','4');
INSERT INTO kanji(id,kanji,learning_order,jlpt_level,onyomi,onyomi_romaji,kunyomi,kunyomi_romaji,stroke_count) VALUES (23,'出',NULL,5,'しゅつ','-','で だ','-',NULL);
INSERT INTO kanji(id,kanji,learning_order,jlpt_level,onyomi,onyomi_romaji,kunyomi,kunyomi_romaji,stroke_count) VALUES (24,'本',NULL,5,'ほん','-','-','-',NULL);
INSERT INTO kanji(id,kanji,learning_order,jlpt_level,onyomi,onyomi_romaji,kunyomi,kunyomi_romaji,stroke_count) VALUES (25,'木',12,5,'ボク、 モク','boku, moku','き、 こ-','ki, ko-','4');
INSERT INTO kanji(id,kanji,learning_order,jlpt_level,onyomi,onyomi_romaji,kunyomi,kunyomi_romaji,stroke_count) VALUES (26,'千',NULL,5,'せん','-','ち','-','3');
INSERT INTO kanji(id,kanji,learning_order,jlpt_level,onyomi,onyomi_romaji,kunyomi,kunyomi_romaji,stroke_count) VALUES (27,'右',NULL,5,'-','-','みぎ','-',NULL);
INSERT INTO kanji(id,kanji,learning_order,jlpt_level,onyomi,onyomi_romaji,kunyomi,kunyomi_romaji,stroke_count) VALUES (28,'水',NULL,5,'すい','-','みず','-',NULL);
INSERT INTO kanji(id,kanji,learning_order,jlpt_level,onyomi,onyomi_romaji,kunyomi,kunyomi_romaji,stroke_count) VALUES (29,'白',NULL,5,'はく','-','しろ','-',NULL);
INSERT INTO kanji(id,kanji,learning_order,jlpt_level,onyomi,onyomi_romaji,kunyomi,kunyomi_romaji,stroke_count) VALUES (30,'立',NULL,5,'りつ','-','た.つ','-',NULL);
INSERT INTO kanji(id,kanji,learning_order,jlpt_level,onyomi,onyomi_romaji,kunyomi,kunyomi_romaji,stroke_count) VALUES (31,'小',NULL,5,'しょう','-','ちい こ','-','3');
INSERT INTO kanji(id,kanji,learning_order,jlpt_level,onyomi,onyomi_romaji,kunyomi,kunyomi_romaji,stroke_count) VALUES (32,'手',NULL,5,'-','-','て','-','4');
INSERT INTO kanji(id,kanji,learning_order,jlpt_level,onyomi,onyomi_romaji,kunyomi,kunyomi_romaji,stroke_count) VALUES (33,'目',14,5,'モク、 ボク','moku, boku','め、 -め、 ま-','me, -me, ma-','5');
INSERT INTO kanji(id,kanji,learning_order,jlpt_level,onyomi,onyomi_romaji,kunyomi,kunyomi_romaji,stroke_count) VALUES (34,'日',15,5,'にち に じつ','-','ひ か','-','4');
INSERT INTO kanji(id,kanji,learning_order,jlpt_level,onyomi,onyomi_romaji,kunyomi,kunyomi_romaji,stroke_count) VALUES (35,'月',16,5,'げつ がつ げっ','-','つき','-','4');
INSERT INTO kanji(id,kanji,learning_order,jlpt_level,onyomi,onyomi_romaji,kunyomi,kunyomi_romaji,stroke_count) VALUES (36,'六',6,5,'ろく','-','むっ むい','-','4');
INSERT INTO kanji(id,kanji,learning_order,jlpt_level,onyomi,onyomi_romaji,kunyomi,kunyomi_romaji,stroke_count) VALUES (37,'天',NULL,5,'てん','-','-','-','4');
INSERT INTO kanji(id,kanji,learning_order,jlpt_level,onyomi,onyomi_romaji,kunyomi,kunyomi_romaji,stroke_count) VALUES (38,'五',5,5,'ご','-','いつ','-','4');
INSERT INTO kanji(id,kanji,learning_order,jlpt_level,onyomi,onyomi_romaji,kunyomi,kunyomi_romaji,stroke_count) VALUES (39,'土',NULL,5,'ど','-','つち','-','3');
INSERT INTO kanji(id,kanji,learning_order,jlpt_level,onyomi,onyomi_romaji,kunyomi,kunyomi_romaji,stroke_count) VALUES (40,'丸',NULL,5,'-','-','まる','-','3');
INSERT INTO kanji(id,kanji,learning_order,jlpt_level,onyomi,onyomi_romaji,kunyomi,kunyomi_romaji,stroke_count) VALUES (41,'外',NULL,5,'がい','-','そと はず','-',NULL);
INSERT INTO kanji(id,kanji,learning_order,jlpt_level,onyomi,onyomi_romaji,kunyomi,kunyomi_romaji,stroke_count) VALUES (42,'生',NULL,5,'せい しょう','-','い なま う は','-',NULL);
INSERT INTO kanji(id,kanji,learning_order,jlpt_level,onyomi,onyomi_romaji,kunyomi,kunyomi_romaji,stroke_count) VALUES (43,'少',NULL,5,'しょう','-','すこ すく','-',NULL);
INSERT INTO kanji(id,kanji,learning_order,jlpt_level,onyomi,onyomi_romaji,kunyomi,kunyomi_romaji,stroke_count) VALUES (44,'万',NULL,5,'まん ばん','-','-','-',NULL);
INSERT INTO kanji(id,kanji,learning_order,jlpt_level,onyomi,onyomi_romaji,kunyomi,kunyomi_romaji,stroke_count) VALUES (45,'母',NULL,5,'ぼあ','-','はは','-',NULL);
INSERT INTO kanji(id,kanji,learning_order,jlpt_level,onyomi,onyomi_romaji,kunyomi,kunyomi_romaji,stroke_count) VALUES (46,'父',NULL,5,'とう','-','ちち','-',NULL);
INSERT INTO kanji(id,kanji,learning_order,jlpt_level,onyomi,onyomi_romaji,kunyomi,kunyomi_romaji,stroke_count) VALUES (47,'分',NULL,5,'ぶん ふん ぶ','-','わ','-',NULL);
INSERT INTO kanji(id,kanji,learning_order,jlpt_level,onyomi,onyomi_romaji,kunyomi,kunyomi_romaji,stroke_count) VALUES (48,'友',NULL,5,'ゆう','-','-','-',NULL);
INSERT INTO kanji(id,kanji,learning_order,jlpt_level,onyomi,onyomi_romaji,kunyomi,kunyomi_romaji,stroke_count) VALUES (49,'北',NULL,5,'ほく','-','きた','-',NULL);
INSERT INTO kanji(id,kanji,learning_order,jlpt_level,onyomi,onyomi_romaji,kunyomi,kunyomi_romaji,stroke_count) VALUES (50,'半',NULL,5,'はん','-','-','-',NULL);
INSERT INTO kanji(id,kanji,learning_order,jlpt_level,onyomi,onyomi_romaji,kunyomi,kunyomi_romaji,stroke_count) VALUES (51,'古',NULL,5,'こ','-','ふる','-',NULL);
INSERT INTO kanji(id,kanji,learning_order,jlpt_level,onyomi,onyomi_romaji,kunyomi,kunyomi_romaji,stroke_count) VALUES (52,'今',NULL,5,'こん こ','-','いま','-',NULL);
INSERT INTO kanji(id,kanji,learning_order,jlpt_level,onyomi,onyomi_romaji,kunyomi,kunyomi_romaji,stroke_count) VALUES (53,'午',NULL,5,'ご','-','-','-','4');
INSERT INTO kanji(id,kanji,learning_order,jlpt_level,onyomi,onyomi_romaji,kunyomi,kunyomi_romaji,stroke_count) VALUES (54,'足',NULL,5,'そく','-','あし た','-',NULL);
INSERT INTO kanji(id,kanji,learning_order,jlpt_level,onyomi,onyomi_romaji,kunyomi,kunyomi_romaji,stroke_count) VALUES (55,'名',NULL,5,'めい みょう','-','な','-',NULL);
INSERT INTO kanji(id,kanji,learning_order,jlpt_level,onyomi,onyomi_romaji,kunyomi,kunyomi_romaji,stroke_count) VALUES (56,'先',NULL,5,'せん','-','さき まず','-',NULL);
INSERT INTO kanji(id,kanji,learning_order,jlpt_level,onyomi,onyomi_romaji,kunyomi,kunyomi_romaji,stroke_count) VALUES (57,'車',NULL,5,'しゃ','-','くるま','-',NULL);
INSERT INTO kanji(id,kanji,learning_order,jlpt_level,onyomi,onyomi_romaji,kunyomi,kunyomi_romaji,stroke_count) VALUES (58,'花',NULL,5,'-','-','はな','-',NULL);
INSERT INTO kanji(id,kanji,learning_order,jlpt_level,onyomi,onyomi_romaji,kunyomi,kunyomi_romaji,stroke_count) VALUES (59,'休',NULL,5,'きゅう','-','やす','-',NULL);
INSERT INTO kanji(id,kanji,learning_order,jlpt_level,onyomi,onyomi_romaji,kunyomi,kunyomi_romaji,stroke_count) VALUES (60,'耳',NULL,5,'-','-','みみ','-',NULL);
INSERT INTO kanji(id,kanji,learning_order,jlpt_level,onyomi,onyomi_romaji,kunyomi,kunyomi_romaji,stroke_count) VALUES (61,'百',11,5,'ヒャク、 ビャク','hyaku, byaku','もも','momo','6');
INSERT INTO kanji(id,kanji,learning_order,jlpt_level,onyomi,onyomi_romaji,kunyomi,kunyomi_romaji,stroke_count) VALUES (62,'見',NULL,5,'けん','-','み','-',NULL);
INSERT INTO kanji(id,kanji,learning_order,jlpt_level,onyomi,onyomi_romaji,kunyomi,kunyomi_romaji,stroke_count) VALUES (63,'気',NULL,5,'き','-','-','-',NULL);
INSERT INTO kanji(id,kanji,learning_order,jlpt_level,onyomi,onyomi_romaji,kunyomi,kunyomi_romaji,stroke_count) VALUES (64,'男',NULL,5,'だん','-','おとこ','-',NULL);
INSERT INTO kanji(id,kanji,learning_order,jlpt_level,onyomi,onyomi_romaji,kunyomi,kunyomi_romaji,stroke_count) VALUES (65,'年',NULL,5,'ねん','-','とし','-',NULL);
INSERT INTO kanji(id,kanji,learning_order,jlpt_level,onyomi,onyomi_romaji,kunyomi,kunyomi_romaji,stroke_count) VALUES (66,'言',NULL,5,'げん','-','い','-',NULL);
INSERT INTO kanji(id,kanji,learning_order,jlpt_level,onyomi,onyomi_romaji,kunyomi,kunyomi_romaji,stroke_count) VALUES (67,'多',NULL,5,'た','-','おお','-',NULL);
INSERT INTO kanji(id,kanji,learning_order,jlpt_level,onyomi,onyomi_romaji,kunyomi,kunyomi_romaji,stroke_count) VALUES (68,'学',NULL,5,'がく','-','まな','-',NULL);
INSERT INTO kanji(id,kanji,learning_order,jlpt_level,onyomi,onyomi_romaji,kunyomi,kunyomi_romaji,stroke_count) VALUES (69,'行',NULL,5,'こう','-','い ゆ おこな','-',NULL);
INSERT INTO kanji(id,kanji,learning_order,jlpt_level,onyomi,onyomi_romaji,kunyomi,kunyomi_romaji,stroke_count) VALUES (70,'西',NULL,5,'せい','-','にし','-',NULL);
INSERT INTO kanji(id,kanji,learning_order,jlpt_level,onyomi,onyomi_romaji,kunyomi,kunyomi_romaji,stroke_count) VALUES (71,'雨',NULL,5,'-','-','あめ','-',NULL);
INSERT INTO kanji(id,kanji,learning_order,jlpt_level,onyomi,onyomi_romaji,kunyomi,kunyomi_romaji,stroke_count) VALUES (72,'空',NULL,5,'くう','-','そら','-',NULL);
INSERT INTO kanji(id,kanji,learning_order,jlpt_level,onyomi,onyomi_romaji,kunyomi,kunyomi_romaji,stroke_count) VALUES (73,'金',NULL,5,'きん','-','かね','-',NULL);
INSERT INTO kanji(id,kanji,learning_order,jlpt_level,onyomi,onyomi_romaji,kunyomi,kunyomi_romaji,stroke_count) VALUES (74,'社',NULL,5,'しゃ','-','やしろ','-',NULL);
INSERT INTO kanji(id,kanji,learning_order,jlpt_level,onyomi,onyomi_romaji,kunyomi,kunyomi_romaji,stroke_count) VALUES (75,'会',NULL,5,'かい','-','あ','-',NULL);
INSERT INTO kanji(id,kanji,learning_order,jlpt_level,onyomi,onyomi_romaji,kunyomi,kunyomi_romaji,stroke_count) VALUES (76,'毎',NULL,5,'まい','-','-','-',NULL);
INSERT INTO kanji(id,kanji,learning_order,jlpt_level,onyomi,onyomi_romaji,kunyomi,kunyomi_romaji,stroke_count) VALUES (77,'何',NULL,5,'-','-','なに なん','-',NULL);
INSERT INTO kanji(id,kanji,learning_order,jlpt_level,onyomi,onyomi_romaji,kunyomi,kunyomi_romaji,stroke_count) VALUES (78,'来',NULL,5,'らい','-','く','-',NULL);
INSERT INTO kanji(id,kanji,learning_order,jlpt_level,onyomi,onyomi_romaji,kunyomi,kunyomi_romaji,stroke_count) VALUES (79,'食',NULL,5,'しょく','-','た','-',NULL);
INSERT INTO kanji(id,kanji,learning_order,jlpt_level,onyomi,onyomi_romaji,kunyomi,kunyomi_romaji,stroke_count) VALUES (80,'国',NULL,5,'こく','-','くに','-',NULL);
INSERT INTO kanji(id,kanji,learning_order,jlpt_level,onyomi,onyomi_romaji,kunyomi,kunyomi_romaji,stroke_count) VALUES (81,'安',NULL,5,'あん','-','-','-',NULL);
INSERT INTO kanji(id,kanji,learning_order,jlpt_level,onyomi,onyomi_romaji,kunyomi,kunyomi_romaji,stroke_count) VALUES (82,'店',NULL,5,'てん','-','みせ','-',NULL);
INSERT INTO kanji(id,kanji,learning_order,jlpt_level,onyomi,onyomi_romaji,kunyomi,kunyomi_romaji,stroke_count) VALUES (83,'南',NULL,5,'なん','-','みなみ','-',NULL);
INSERT INTO kanji(id,kanji,learning_order,jlpt_level,onyomi,onyomi_romaji,kunyomi,kunyomi_romaji,stroke_count) VALUES (84,'前',NULL,5,'ぜん','-','まえ','-',NULL);
INSERT INTO kanji(id,kanji,learning_order,jlpt_level,onyomi,onyomi_romaji,kunyomi,kunyomi_romaji,stroke_count) VALUES (85,'長',NULL,5,'ちょう','-','なが','-',NULL);
INSERT INTO kanji(id,kanji,learning_order,jlpt_level,onyomi,onyomi_romaji,kunyomi,kunyomi_romaji,stroke_count) VALUES (86,'東',NULL,5,'とう','-','ひがし','-',NULL);
INSERT INTO kanji(id,kanji,learning_order,jlpt_level,onyomi,onyomi_romaji,kunyomi,kunyomi_romaji,stroke_count) VALUES (87,'後',NULL,5,'ご','-','うし.ろ あと','-',NULL);
INSERT INTO kanji(id,kanji,learning_order,jlpt_level,onyomi,onyomi_romaji,kunyomi,kunyomi_romaji,stroke_count) VALUES (88,'高',NULL,5,'こう','-','たか','-',NULL);
INSERT INTO kanji(id,kanji,learning_order,jlpt_level,onyomi,onyomi_romaji,kunyomi,kunyomi_romaji,stroke_count) VALUES (89,'時',NULL,5,'じ','-','とき','-',NULL);
INSERT INTO kanji(id,kanji,learning_order,jlpt_level,onyomi,onyomi_romaji,kunyomi,kunyomi_romaji,stroke_count) VALUES (90,'校',NULL,5,'こう','-','-','-',NULL);
INSERT INTO kanji(id,kanji,learning_order,jlpt_level,onyomi,onyomi_romaji,kunyomi,kunyomi_romaji,stroke_count) VALUES (91,'魚',NULL,5,'ぎょ','-','さかな','-',NULL);
INSERT INTO kanji(id,kanji,learning_order,jlpt_level,onyomi,onyomi_romaji,kunyomi,kunyomi_romaji,stroke_count) VALUES (92,'週',NULL,5,'しゅう','-','-','-',NULL);
INSERT INTO kanji(id,kanji,learning_order,jlpt_level,onyomi,onyomi_romaji,kunyomi,kunyomi_romaji,stroke_count) VALUES (93,'間',NULL,5,'かん けん','-','あいだ ま','-',NULL);
INSERT INTO kanji(id,kanji,learning_order,jlpt_level,onyomi,onyomi_romaji,kunyomi,kunyomi_romaji,stroke_count) VALUES (94,'買',NULL,5,'ばい','-','か','-',NULL);
INSERT INTO kanji(id,kanji,learning_order,jlpt_level,onyomi,onyomi_romaji,kunyomi,kunyomi_romaji,stroke_count) VALUES (95,'話',NULL,5,'わ','-','はな','-',NULL);
INSERT INTO kanji(id,kanji,learning_order,jlpt_level,onyomi,onyomi_romaji,kunyomi,kunyomi_romaji,stroke_count) VALUES (96,'電',NULL,5,'でん','-','-','-',NULL);
INSERT INTO kanji(id,kanji,learning_order,jlpt_level,onyomi,onyomi_romaji,kunyomi,kunyomi_romaji,stroke_count) VALUES (97,'新',NULL,5,'しん','-','あたら あら','-',NULL);
INSERT INTO kanji(id,kanji,learning_order,jlpt_level,onyomi,onyomi_romaji,kunyomi,kunyomi_romaji,stroke_count) VALUES (98,'読',NULL,5,'とう どく','-','よ','-',NULL);
INSERT INTO kanji(id,kanji,learning_order,jlpt_level,onyomi,onyomi_romaji,kunyomi,kunyomi_romaji,stroke_count) VALUES (99,'飲',NULL,5,'いん','-','の','-',NULL);
INSERT INTO kanji(id,kanji,learning_order,jlpt_level,onyomi,onyomi_romaji,kunyomi,kunyomi_romaji,stroke_count) VALUES (100,'聞',NULL,5,'ぶん','-','き.く','-',NULL);
INSERT INTO kanji(id,kanji,learning_order,jlpt_level,onyomi,onyomi_romaji,kunyomi,kunyomi_romaji,stroke_count) VALUES (101,'語',NULL,5,'ご','-','かた.る','-',NULL);
INSERT INTO kanji(id,kanji,learning_order,jlpt_level,onyomi,onyomi_romaji,kunyomi,kunyomi_romaji,stroke_count) VALUES (102,'書',NULL,5,'しょ','-','か','-',NULL);
INSERT INTO kanji(id,kanji,learning_order,jlpt_level,onyomi,onyomi_romaji,kunyomi,kunyomi_romaji,stroke_count) VALUES (103,'駅',NULL,5,'えき','-','えき','-',NULL);

INSERT INTO translation_kanji(kanji_id,language_id,keyword,story,hint,other_meanings) VALUES (1,'fi','Suu','Suun piktografi, kuvittele suuri auki oleva suu.','Simppeli piktografi.','-');
INSERT INTO translation_kanji(kanji_id,language_id,keyword,story,hint,other_meanings) VALUES (2,'fi','Yllä, Ylös, Yli','-','-','-');
INSERT INTO translation_kanji(kanji_id,language_id,keyword,story,hint,other_meanings) VALUES (3,'fi','mennä sisään','-','-','-');
INSERT INTO translation_kanji(kanji_id,language_id,keyword,story,hint,other_meanings) VALUES (4,'fi','joki','-','-','-');
INSERT INTO translation_kanji(kanji_id,language_id,keyword,story,hint,other_meanings) VALUES (5,'fi','seitsemän','-','-','-');
INSERT INTO translation_kanji(kanji_id,language_id,keyword,story,hint,other_meanings) VALUES (6,'fi','kaksi','Kaksi viivaa kuvaavat lukua kaksi.','1 + 1 = ?','-');
INSERT INTO translation_kanji(kanji_id,language_id,keyword,story,hint,other_meanings) VALUES (7,'fi','Kolme','Kolme viivaa kuvaavat lukua kolme.','1 + 1 + 1 = ?','-');
INSERT INTO translation_kanji(kanji_id,language_id,keyword,story,hint,other_meanings) VALUES (8,'fi','Vuori','Vuoren piktografi.','Miltä vuori näyttää?','-');
INSERT INTO translation_kanji(kanji_id,language_id,keyword,story,hint,other_meanings) VALUES (9,'fi','nainen','-','-','-');
INSERT INTO translation_kanji(kanji_id,language_id,keyword,story,hint,other_meanings) VALUES (10,'fi','iso','-','-','-');
INSERT INTO translation_kanji(kanji_id,language_id,keyword,story,hint,other_meanings) VALUES (11,'fi','yhdeksän','-','-','-');
INSERT INTO translation_kanji(kanji_id,language_id,keyword,story,hint,other_meanings) VALUES (12,'fi','henkilö','-','-','-');
INSERT INTO translation_kanji(kanji_id,language_id,keyword,story,hint,other_meanings) VALUES (13,'fi','kahdeksan','-','-','-');
INSERT INTO translation_kanji(kanji_id,language_id,keyword,story,hint,other_meanings) VALUES (14,'fi','yksi','Yksi viiva kuvaa numeroa yksi, se on vain kellahtanut kyljelleen.','Tämän pitäisi ratketa yhden viivan piirtämällä.','-');
INSERT INTO translation_kanji(kanji_id,language_id,keyword,story,hint,other_meanings) VALUES (15,'fi','alla, alas','-','-','-');
INSERT INTO translation_kanji(kanji_id,language_id,keyword,story,hint,other_meanings) VALUES (16,'fi','Kymmenen','Roomalainen numero kymmenen on X, japanissa tuota X-kirjainta käännettiin hieman.','Pyöritä hieman roomalaista numero 10.','-');
INSERT INTO translation_kanji(kanji_id,language_id,keyword,story,hint,other_meanings) VALUES (17,'fi','tuli','-','-','-');
INSERT INTO translation_kanji(kanji_id,language_id,keyword,story,hint,other_meanings) VALUES (18,'fi','vasen','-','-','-');
INSERT INTO translation_kanji(kanji_id,language_id,keyword,story,hint,other_meanings) VALUES (19,'fi','lapsi','-','-','-');
INSERT INTO translation_kanji(kanji_id,language_id,keyword,story,hint,other_meanings) VALUES (20,'fi','yeni, ympyrä','-','-','-');
INSERT INTO translation_kanji(kanji_id,language_id,keyword,story,hint,other_meanings) VALUES (21,'fi','neljä','-','-','-');
INSERT INTO translation_kanji(kanji_id,language_id,keyword,story,hint,other_meanings) VALUES (22,'fi','keskellä, sisällä','-','-','-');
INSERT INTO translation_kanji(kanji_id,language_id,keyword,story,hint,other_meanings) VALUES (23,'fi','poistua','-','-','-');
INSERT INTO translation_kanji(kanji_id,language_id,keyword,story,hint,other_meanings) VALUES (24,'fi','kirja, oikea, alkuperä','-','-','-');
INSERT INTO translation_kanji(kanji_id,language_id,keyword,story,hint,other_meanings) VALUES (25,'fi','puu','Yksinkertainen kuva puusta.','Mitä jos piirrät mahdollisimman yksinkertaisen puun.','puuaines');
INSERT INTO translation_kanji(kanji_id,language_id,keyword,story,hint,other_meanings) VALUES (26,'fi','tuhat','-','-','-');
INSERT INTO translation_kanji(kanji_id,language_id,keyword,story,hint,other_meanings) VALUES (27,'fi','oikea','-','-','-');
INSERT INTO translation_kanji(kanji_id,language_id,keyword,story,hint,other_meanings) VALUES (28,'fi','vesi','-','-','-');
INSERT INTO translation_kanji(kanji_id,language_id,keyword,story,hint,other_meanings) VALUES (29,'fi','Valkoinen','-','-','-');
INSERT INTO translation_kanji(kanji_id,language_id,keyword,story,hint,other_meanings) VALUES (30,'fi','seistä','-','-','-');
INSERT INTO translation_kanji(kanji_id,language_id,keyword,story,hint,other_meanings) VALUES (31,'fi','pieni','-','-','-');
INSERT INTO translation_kanji(kanji_id,language_id,keyword,story,hint,other_meanings) VALUES (32,'fi','käsi','-','-','-');
INSERT INTO translation_kanji(kanji_id,language_id,keyword,story,hint,other_meanings) VALUES (33,'fi','Silmä','Yksinäisen pystysuoran silmän piktografi, voisiko kykloopilla olla tällainen silmä?','Miltä neliskanttinen silmä näyttäisi?','katse');
INSERT INTO translation_kanji(kanji_id,language_id,keyword,story,hint,other_meanings) VALUES (34,'fi','aurinko, päivä','-','-','-');
INSERT INTO translation_kanji(kanji_id,language_id,keyword,story,hint,other_meanings) VALUES (35,'fi','kuu, kuukausi','-','-','-');
INSERT INTO translation_kanji(kanji_id,language_id,keyword,story,hint,other_meanings) VALUES (36,'fi','Kuusi','-','-','-');
INSERT INTO translation_kanji(kanji_id,language_id,keyword,story,hint,other_meanings) VALUES (37,'fi','taivas','-','-','-');
INSERT INTO translation_kanji(kanji_id,language_id,keyword,story,hint,other_meanings) VALUES (38,'fi','viisi','-','-','-');
INSERT INTO translation_kanji(kanji_id,language_id,keyword,story,hint,other_meanings) VALUES (39,'fi','maa','-','-','-');
INSERT INTO translation_kanji(kanji_id,language_id,keyword,story,hint,other_meanings) VALUES (40,'fi','ympyrä, pyöreä','-','-','-');
INSERT INTO translation_kanji(kanji_id,language_id,keyword,story,hint,other_meanings) VALUES (41,'fi','ulkopuoli','-','-','-');
INSERT INTO translation_kanji(kanji_id,language_id,keyword,story,hint,other_meanings) VALUES (42,'fi','elämä','-','-','-');
INSERT INTO translation_kanji(kanji_id,language_id,keyword,story,hint,other_meanings) VALUES (43,'fi','muutama, vähän','-','-','-');
INSERT INTO translation_kanji(kanji_id,language_id,keyword,story,hint,other_meanings) VALUES (44,'fi','kymmenen tuhatta','-','-','-');
INSERT INTO translation_kanji(kanji_id,language_id,keyword,story,hint,other_meanings) VALUES (45,'fi','äiti','-','-','-');
INSERT INTO translation_kanji(kanji_id,language_id,keyword,story,hint,other_meanings) VALUES (46,'fi','isä','-','-','-');
INSERT INTO translation_kanji(kanji_id,language_id,keyword,story,hint,other_meanings) VALUES (47,'fi','minuutti, erillinen, osa','-','-','-');
INSERT INTO translation_kanji(kanji_id,language_id,keyword,story,hint,other_meanings) VALUES (48,'fi','ystävä','-','-','-');
INSERT INTO translation_kanji(kanji_id,language_id,keyword,story,hint,other_meanings) VALUES (49,'fi','pohjoinen','-','-','-');
INSERT INTO translation_kanji(kanji_id,language_id,keyword,story,hint,other_meanings) VALUES (50,'fi','puoli','-','-','-');
INSERT INTO translation_kanji(kanji_id,language_id,keyword,story,hint,other_meanings) VALUES (51,'fi','vanha','-','-','-');
INSERT INTO translation_kanji(kanji_id,language_id,keyword,story,hint,other_meanings) VALUES (52,'fi','nyt','-','-','-');
INSERT INTO translation_kanji(kanji_id,language_id,keyword,story,hint,other_meanings) VALUES (53,'fi','puolipäivä','-','-','-');
INSERT INTO translation_kanji(kanji_id,language_id,keyword,story,hint,other_meanings) VALUES (54,'fi','jalka, riittäävä','-','-','-');
INSERT INTO translation_kanji(kanji_id,language_id,keyword,story,hint,other_meanings) VALUES (55,'fi','nimi, tunnettu','-','-','-');
INSERT INTO translation_kanji(kanji_id,language_id,keyword,story,hint,other_meanings) VALUES (56,'fi','ennen, edellä, edeltävä','-','-','-');
INSERT INTO translation_kanji(kanji_id,language_id,keyword,story,hint,other_meanings) VALUES (57,'fi','auto','-','-','-');
INSERT INTO translation_kanji(kanji_id,language_id,keyword,story,hint,other_meanings) VALUES (58,'fi','kukka','-','-','-');
INSERT INTO translation_kanji(kanji_id,language_id,keyword,story,hint,other_meanings) VALUES (59,'fi','levätä','-','-','-');
INSERT INTO translation_kanji(kanji_id,language_id,keyword,story,hint,other_meanings) VALUES (60,'fi','korva','-','-','-');
INSERT INTO translation_kanji(kanji_id,language_id,keyword,story,hint,other_meanings) VALUES (61,'fi','Sata','Kun tämän kääntää 90 astetta vastapäivään niin se näyttää luvulta 100.','Kuinka kirjoittaisit 100 jos hieman kiertäisit sitä myötäpäivään?','-');
INSERT INTO translation_kanji(kanji_id,language_id,keyword,story,hint,other_meanings) VALUES (62,'fi','nähdä','-','-','-');
INSERT INTO translation_kanji(kanji_id,language_id,keyword,story,hint,other_meanings) VALUES (63,'fi','energia, henki','-','-','-');
INSERT INTO translation_kanji(kanji_id,language_id,keyword,story,hint,other_meanings) VALUES (64,'fi','mies','-','-','-');
INSERT INTO translation_kanji(kanji_id,language_id,keyword,story,hint,other_meanings) VALUES (65,'fi','vuosi','-','-','-');
INSERT INTO translation_kanji(kanji_id,language_id,keyword,story,hint,other_meanings) VALUES (66,'fi','sanoa','-','-','-');
INSERT INTO translation_kanji(kanji_id,language_id,keyword,story,hint,other_meanings) VALUES (67,'fi','usea','-','-','-');
INSERT INTO translation_kanji(kanji_id,language_id,keyword,story,hint,other_meanings) VALUES (68,'fi','opiskella, oppia','-','-','-');
INSERT INTO translation_kanji(kanji_id,language_id,keyword,story,hint,other_meanings) VALUES (69,'fi','mennä','-','-','-');
INSERT INTO translation_kanji(kanji_id,language_id,keyword,story,hint,other_meanings) VALUES (70,'fi','länsi','-','-','-');
INSERT INTO translation_kanji(kanji_id,language_id,keyword,story,hint,other_meanings) VALUES (71,'fi','rain','-','-','-');
INSERT INTO translation_kanji(kanji_id,language_id,keyword,story,hint,other_meanings) VALUES (72,'fi','taivas, tyhjä','-','-','-');
INSERT INTO translation_kanji(kanji_id,language_id,keyword,story,hint,other_meanings) VALUES (73,'fi','kulta','-','-','-');
INSERT INTO translation_kanji(kanji_id,language_id,keyword,story,hint,other_meanings) VALUES (74,'fi','firma','-','-','-');
INSERT INTO translation_kanji(kanji_id,language_id,keyword,story,hint,other_meanings) VALUES (75,'fi','tavata','-','-','-');
INSERT INTO translation_kanji(kanji_id,language_id,keyword,story,hint,other_meanings) VALUES (76,'fi','joka','-','-','-');
INSERT INTO translation_kanji(kanji_id,language_id,keyword,story,hint,other_meanings) VALUES (77,'fi','mitä, mikä','-','-','-');
INSERT INTO translation_kanji(kanji_id,language_id,keyword,story,hint,other_meanings) VALUES (78,'fi','tulla','-','-','-');
INSERT INTO translation_kanji(kanji_id,language_id,keyword,story,hint,other_meanings) VALUES (79,'fi','syödä, ateria','-','-','-');
INSERT INTO translation_kanji(kanji_id,language_id,keyword,story,hint,other_meanings) VALUES (80,'fi','maa','-','-','-');
INSERT INTO translation_kanji(kanji_id,language_id,keyword,story,hint,other_meanings) VALUES (81,'fi','halpa, rauhallinen','-','-','-');
INSERT INTO translation_kanji(kanji_id,language_id,keyword,story,hint,other_meanings) VALUES (82,'fi','kauppa','-','-','-');
INSERT INTO translation_kanji(kanji_id,language_id,keyword,story,hint,other_meanings) VALUES (83,'fi','etelä','-','-','-');
INSERT INTO translation_kanji(kanji_id,language_id,keyword,story,hint,other_meanings) VALUES (84,'fi','edessä, ennen','-','-','-');
INSERT INTO translation_kanji(kanji_id,language_id,keyword,story,hint,other_meanings) VALUES (85,'fi','pitkä, johtaja','-','-','-');
INSERT INTO translation_kanji(kanji_id,language_id,keyword,story,hint,other_meanings) VALUES (86,'fi','itä','-','-','-');
INSERT INTO translation_kanji(kanji_id,language_id,keyword,story,hint,other_meanings) VALUES (87,'fi','takana, myöhemmin','-','-','-');
INSERT INTO translation_kanji(kanji_id,language_id,keyword,story,hint,other_meanings) VALUES (88,'fi','korkea, kallis','-','-','-');
INSERT INTO translation_kanji(kanji_id,language_id,keyword,story,hint,other_meanings) VALUES (89,'fi','aika, tunti','-','-','-');
INSERT INTO translation_kanji(kanji_id,language_id,keyword,story,hint,other_meanings) VALUES (90,'fi','koulu','-','-','-');
INSERT INTO translation_kanji(kanji_id,language_id,keyword,story,hint,other_meanings) VALUES (91,'fi','kala','-','-','-');
INSERT INTO translation_kanji(kanji_id,language_id,keyword,story,hint,other_meanings) VALUES (92,'fi','viikko','-','-','-');
INSERT INTO translation_kanji(kanji_id,language_id,keyword,story,hint,other_meanings) VALUES (93,'fi','aikaväli, väli','-','-','-');
INSERT INTO translation_kanji(kanji_id,language_id,keyword,story,hint,other_meanings) VALUES (94,'fi','ostaa','-','-','-');
INSERT INTO translation_kanji(kanji_id,language_id,keyword,story,hint,other_meanings) VALUES (95,'fi','puhua','-','-','-');
INSERT INTO translation_kanji(kanji_id,language_id,keyword,story,hint,other_meanings) VALUES (96,'fi','sähkö','-','-','-');
INSERT INTO translation_kanji(kanji_id,language_id,keyword,story,hint,other_meanings) VALUES (97,'fi','uusi','-','-','-');
INSERT INTO translation_kanji(kanji_id,language_id,keyword,story,hint,other_meanings) VALUES (98,'fi','lukea','-','-','-');
INSERT INTO translation_kanji(kanji_id,language_id,keyword,story,hint,other_meanings) VALUES (99,'fi','juoda','-','-','-');
INSERT INTO translation_kanji(kanji_id,language_id,keyword,story,hint,other_meanings) VALUES (100,'fi','kuulla, kuunnella','-','-','-');
INSERT INTO translation_kanji(kanji_id,language_id,keyword,story,hint,other_meanings) VALUES (101,'fi','kieli','-','-','-');
INSERT INTO translation_kanji(kanji_id,language_id,keyword,story,hint,other_meanings) VALUES (102,'fi','kirjoittaa','-','-','-');
INSERT INTO translation_kanji(kanji_id,language_id,keyword,story,hint,other_meanings) VALUES (103,'fi','asema','-','-','-');

INSERT INTO translation_kanji(kanji_id,language_id,keyword,story,hint,other_meanings) VALUES (1,'en','Mouth','Pictograph of a mouth. Imagine big open mouth.','Nothing but a simple pictograph.','-');
INSERT INTO translation_kanji(kanji_id,language_id,keyword,story,hint,other_meanings) VALUES (2,'en','-','-','-','-');
INSERT INTO translation_kanji(kanji_id,language_id,keyword,story,hint,other_meanings) VALUES (3,'en','-','-','-','-');
INSERT INTO translation_kanji(kanji_id,language_id,keyword,story,hint,other_meanings) VALUES (4,'en','-','-','-','-');
INSERT INTO translation_kanji(kanji_id,language_id,keyword,story,hint,other_meanings) VALUES (5,'en','-','-','-','-');
INSERT INTO translation_kanji(kanji_id,language_id,keyword,story,hint,other_meanings) VALUES (6,'en','two','Two lines represent number two.','1 + 1 = ?','-');
INSERT INTO translation_kanji(kanji_id,language_id,keyword,story,hint,other_meanings) VALUES (7,'en','Three','Three lines represent number three.','1 + 1 + 1 = ?','-');
INSERT INTO translation_kanji(kanji_id,language_id,keyword,story,hint,other_meanings) VALUES (8,'en','Mountain','Pictograph of a mountain','What does mountain looks like?','-');
INSERT INTO translation_kanji(kanji_id,language_id,keyword,story,hint,other_meanings) VALUES (9,'en','-','-','-','-');
INSERT INTO translation_kanji(kanji_id,language_id,keyword,story,hint,other_meanings) VALUES (10,'en','-','-','-','-');
INSERT INTO translation_kanji(kanji_id,language_id,keyword,story,hint,other_meanings) VALUES (11,'en','-','-','-','-');
INSERT INTO translation_kanji(kanji_id,language_id,keyword,story,hint,other_meanings) VALUES (12,'en','-','-','-','-');
INSERT INTO translation_kanji(kanji_id,language_id,keyword,story,hint,other_meanings) VALUES (13,'en','-','-','-','-');
INSERT INTO translation_kanji(kanji_id,language_id,keyword,story,hint,other_meanings) VALUES (14,'en','one','One line represents number one, looks like number one fell on its back.','This one should be easy, just one line right?','-');
INSERT INTO translation_kanji(kanji_id,language_id,keyword,story,hint,other_meanings) VALUES (15,'en','-','-','-','-');
INSERT INTO translation_kanji(kanji_id,language_id,keyword,story,hint,other_meanings) VALUES (16,'en','Ten','Roman numeral for ten is X, in Japan they just rotated it a little bit.','Rotate the roman numeral ten just a little bit.','-');
INSERT INTO translation_kanji(kanji_id,language_id,keyword,story,hint,other_meanings) VALUES (17,'en','-','-','-','-');
INSERT INTO translation_kanji(kanji_id,language_id,keyword,story,hint,other_meanings) VALUES (18,'en','-','-','-','-');
INSERT INTO translation_kanji(kanji_id,language_id,keyword,story,hint,other_meanings) VALUES (19,'en','-','-','-','-');
INSERT INTO translation_kanji(kanji_id,language_id,keyword,story,hint,other_meanings) VALUES (20,'en','-','-','-','-');
INSERT INTO translation_kanji(kanji_id,language_id,keyword,story,hint,other_meanings) VALUES (21,'en','-','-','-','-');
INSERT INTO translation_kanji(kanji_id,language_id,keyword,story,hint,other_meanings) VALUES (22,'en','-','-','-','-');
INSERT INTO translation_kanji(kanji_id,language_id,keyword,story,hint,other_meanings) VALUES (23,'en','-','-','-','-');
INSERT INTO translation_kanji(kanji_id,language_id,keyword,story,hint,other_meanings) VALUES (24,'en','-','-','-','-');
INSERT INTO translation_kanji(kanji_id,language_id,keyword,story,hint,other_meanings) VALUES (25,'en','tree','Simple pictogram of a tree, we all drew these at school, remember?','How would you imagine a simple tree looks like?','wood');
INSERT INTO translation_kanji(kanji_id,language_id,keyword,story,hint,other_meanings) VALUES (26,'en','-','-','-','-');
INSERT INTO translation_kanji(kanji_id,language_id,keyword,story,hint,other_meanings) VALUES (27,'en','-','-','-','-');
INSERT INTO translation_kanji(kanji_id,language_id,keyword,story,hint,other_meanings) VALUES (28,'en','-','-','-','-');
INSERT INTO translation_kanji(kanji_id,language_id,keyword,story,hint,other_meanings) VALUES (29,'en','-','-','-','-');
INSERT INTO translation_kanji(kanji_id,language_id,keyword,story,hint,other_meanings) VALUES (30,'en','-','-','-','-');
INSERT INTO translation_kanji(kanji_id,language_id,keyword,story,hint,other_meanings) VALUES (31,'en','-','-','-','-');
INSERT INTO translation_kanji(kanji_id,language_id,keyword,story,hint,other_meanings) VALUES (32,'en','-','-','-','-');
INSERT INTO translation_kanji(kanji_id,language_id,keyword,story,hint,other_meanings) VALUES (33,'en','Eye','Vertical eye pictograph, maybe a cyclops eye?','What would rectangle eye look like?','class, look, insight, experience, care, favor');
INSERT INTO translation_kanji(kanji_id,language_id,keyword,story,hint,other_meanings) VALUES (34,'en','-','-','-','-');
INSERT INTO translation_kanji(kanji_id,language_id,keyword,story,hint,other_meanings) VALUES (35,'en','-','-','-','-');
INSERT INTO translation_kanji(kanji_id,language_id,keyword,story,hint,other_meanings) VALUES (36,'en','-','-','-','-');
INSERT INTO translation_kanji(kanji_id,language_id,keyword,story,hint,other_meanings) VALUES (37,'en','-','-','-','-');
INSERT INTO translation_kanji(kanji_id,language_id,keyword,story,hint,other_meanings) VALUES (38,'en','-','-','-','-');
INSERT INTO translation_kanji(kanji_id,language_id,keyword,story,hint,other_meanings) VALUES (39,'en','-','-','-','-');
INSERT INTO translation_kanji(kanji_id,language_id,keyword,story,hint,other_meanings) VALUES (40,'en','-','-','-','-');
INSERT INTO translation_kanji(kanji_id,language_id,keyword,story,hint,other_meanings) VALUES (41,'en','-','-','-','-');
INSERT INTO translation_kanji(kanji_id,language_id,keyword,story,hint,other_meanings) VALUES (42,'en','-','-','-','-');
INSERT INTO translation_kanji(kanji_id,language_id,keyword,story,hint,other_meanings) VALUES (43,'en','-','-','-','-');
INSERT INTO translation_kanji(kanji_id,language_id,keyword,story,hint,other_meanings) VALUES (44,'en','-','-','-','-');
INSERT INTO translation_kanji(kanji_id,language_id,keyword,story,hint,other_meanings) VALUES (45,'en','-','-','-','-');
INSERT INTO translation_kanji(kanji_id,language_id,keyword,story,hint,other_meanings) VALUES (46,'en','-','-','-','-');
INSERT INTO translation_kanji(kanji_id,language_id,keyword,story,hint,other_meanings) VALUES (47,'en','-','-','-','-');
INSERT INTO translation_kanji(kanji_id,language_id,keyword,story,hint,other_meanings) VALUES (48,'en','-','-','-','-');
INSERT INTO translation_kanji(kanji_id,language_id,keyword,story,hint,other_meanings) VALUES (49,'en','-','-','-','-');
INSERT INTO translation_kanji(kanji_id,language_id,keyword,story,hint,other_meanings) VALUES (50,'en','-','-','-','-');
INSERT INTO translation_kanji(kanji_id,language_id,keyword,story,hint,other_meanings) VALUES (51,'en','-','-','-','-');
INSERT INTO translation_kanji(kanji_id,language_id,keyword,story,hint,other_meanings) VALUES (52,'en','-','-','-','-');
INSERT INTO translation_kanji(kanji_id,language_id,keyword,story,hint,other_meanings) VALUES (53,'en','-','-','-','-');
INSERT INTO translation_kanji(kanji_id,language_id,keyword,story,hint,other_meanings) VALUES (54,'en','-','-','-','-');
INSERT INTO translation_kanji(kanji_id,language_id,keyword,story,hint,other_meanings) VALUES (55,'en','-','-','-','-');
INSERT INTO translation_kanji(kanji_id,language_id,keyword,story,hint,other_meanings) VALUES (56,'en','-','-','-','-');
INSERT INTO translation_kanji(kanji_id,language_id,keyword,story,hint,other_meanings) VALUES (57,'en','-','-','-','-');
INSERT INTO translation_kanji(kanji_id,language_id,keyword,story,hint,other_meanings) VALUES (58,'en','-','-','-','-');
INSERT INTO translation_kanji(kanji_id,language_id,keyword,story,hint,other_meanings) VALUES (59,'en','-','-','-','-');
INSERT INTO translation_kanji(kanji_id,language_id,keyword,story,hint,other_meanings) VALUES (60,'en','-','-','-','-');
INSERT INTO translation_kanji(kanji_id,language_id,keyword,story,hint,other_meanings) VALUES (61,'en','Hundred','It looks like 100 after you rotate it 90 degrees counterclockwise','How would you write 100 if you were to rotate it clockwise a bit?','-');
INSERT INTO translation_kanji(kanji_id,language_id,keyword,story,hint,other_meanings) VALUES (62,'en','-','-','-','-');
INSERT INTO translation_kanji(kanji_id,language_id,keyword,story,hint,other_meanings) VALUES (63,'en','-','-','-','-');
INSERT INTO translation_kanji(kanji_id,language_id,keyword,story,hint,other_meanings) VALUES (64,'en','-','-','-','-');
INSERT INTO translation_kanji(kanji_id,language_id,keyword,story,hint,other_meanings) VALUES (65,'en','-','-','-','-');
INSERT INTO translation_kanji(kanji_id,language_id,keyword,story,hint,other_meanings) VALUES (66,'en','-','-','-','-');
INSERT INTO translation_kanji(kanji_id,language_id,keyword,story,hint,other_meanings) VALUES (67,'en','-','-','-','-');
INSERT INTO translation_kanji(kanji_id,language_id,keyword,story,hint,other_meanings) VALUES (68,'en','-','-','-','-');
INSERT INTO translation_kanji(kanji_id,language_id,keyword,story,hint,other_meanings) VALUES (69,'en','-','-','-','-');
INSERT INTO translation_kanji(kanji_id,language_id,keyword,story,hint,other_meanings) VALUES (70,'en','-','-','-','-');
INSERT INTO translation_kanji(kanji_id,language_id,keyword,story,hint,other_meanings) VALUES (71,'en','-','-','-','-');
INSERT INTO translation_kanji(kanji_id,language_id,keyword,story,hint,other_meanings) VALUES (72,'en','-','-','-','-');
INSERT INTO translation_kanji(kanji_id,language_id,keyword,story,hint,other_meanings) VALUES (73,'en','-','-','-','-');
INSERT INTO translation_kanji(kanji_id,language_id,keyword,story,hint,other_meanings) VALUES (74,'en','-','-','-','-');
INSERT INTO translation_kanji(kanji_id,language_id,keyword,story,hint,other_meanings) VALUES (75,'en','-','-','-','-');
INSERT INTO translation_kanji(kanji_id,language_id,keyword,story,hint,other_meanings) VALUES (76,'en','-','-','-','-');
INSERT INTO translation_kanji(kanji_id,language_id,keyword,story,hint,other_meanings) VALUES (77,'en','-','-','-','-');
INSERT INTO translation_kanji(kanji_id,language_id,keyword,story,hint,other_meanings) VALUES (78,'en','-','-','-','-');
INSERT INTO translation_kanji(kanji_id,language_id,keyword,story,hint,other_meanings) VALUES (79,'en','-','-','-','-');
INSERT INTO translation_kanji(kanji_id,language_id,keyword,story,hint,other_meanings) VALUES (80,'en','-','-','-','-');
INSERT INTO translation_kanji(kanji_id,language_id,keyword,story,hint,other_meanings) VALUES (81,'en','-','-','-','-');
INSERT INTO translation_kanji(kanji_id,language_id,keyword,story,hint,other_meanings) VALUES (82,'en','-','-','-','-');
INSERT INTO translation_kanji(kanji_id,language_id,keyword,story,hint,other_meanings) VALUES (83,'en','-','-','-','-');
INSERT INTO translation_kanji(kanji_id,language_id,keyword,story,hint,other_meanings) VALUES (84,'en','-','-','-','-');
INSERT INTO translation_kanji(kanji_id,language_id,keyword,story,hint,other_meanings) VALUES (85,'en','-','-','-','-');
INSERT INTO translation_kanji(kanji_id,language_id,keyword,story,hint,other_meanings) VALUES (86,'en','-','-','-','-');
INSERT INTO translation_kanji(kanji_id,language_id,keyword,story,hint,other_meanings) VALUES (87,'en','-','-','-','-');
INSERT INTO translation_kanji(kanji_id,language_id,keyword,story,hint,other_meanings) VALUES (88,'en','-','-','-','-');
INSERT INTO translation_kanji(kanji_id,language_id,keyword,story,hint,other_meanings) VALUES (89,'en','-','-','-','-');
INSERT INTO translation_kanji(kanji_id,language_id,keyword,story,hint,other_meanings) VALUES (90,'en','-','-','-','-');
INSERT INTO translation_kanji(kanji_id,language_id,keyword,story,hint,other_meanings) VALUES (91,'en','-','-','-','-');
INSERT INTO translation_kanji(kanji_id,language_id,keyword,story,hint,other_meanings) VALUES (92,'en','-','-','-','-');
INSERT INTO translation_kanji(kanji_id,language_id,keyword,story,hint,other_meanings) VALUES (93,'en','-','-','-','-');
INSERT INTO translation_kanji(kanji_id,language_id,keyword,story,hint,other_meanings) VALUES (94,'en','-','-','-','-');
INSERT INTO translation_kanji(kanji_id,language_id,keyword,story,hint,other_meanings) VALUES (95,'en','-','-','-','-');
INSERT INTO translation_kanji(kanji_id,language_id,keyword,story,hint,other_meanings) VALUES (96,'en','-','-','-','-');
INSERT INTO translation_kanji(kanji_id,language_id,keyword,story,hint,other_meanings) VALUES (97,'en','-','-','-','-');
INSERT INTO translation_kanji(kanji_id,language_id,keyword,story,hint,other_meanings) VALUES (98,'en','-','-','-','-');
INSERT INTO translation_kanji(kanji_id,language_id,keyword,story,hint,other_meanings) VALUES (99,'en','-','-','-','-');
INSERT INTO translation_kanji(kanji_id,language_id,keyword,story,hint,other_meanings) VALUES (100,'en','-','-','-','-');
INSERT INTO translation_kanji(kanji_id,language_id,keyword,story,hint,other_meanings) VALUES (101,'en','-','-','-','-');
INSERT INTO translation_kanji(kanji_id,language_id,keyword,story,hint,other_meanings) VALUES (102,'en','-','-','-','-');
INSERT INTO translation_kanji(kanji_id,language_id,keyword,story,hint,other_meanings) VALUES (103,'en','-','-','-','-');





